hit num,title,year,authors,key,ee,venue_category
32,A new meta-module for efficient reconfiguration of hinged-units modular robots.,2016,Irene Parada & Vera Sacristán & Rodrigo I. Silveira,conf/icra/ParadaSS16,https://doi.org/10.1109/ICRA.2016.7487726,Robotics
54,Object Reconfiguration with Simulation-Derived Feasible Actions.,2023,Yiyuan Lee & Wil Thomason & Zachary K. Kingston & Lydia E. Kavraki,conf/icra/LeeTKK23,https://doi.org/10.1109/ICRA48891.2023.10160377,Robotics
71,Distributed plan reconfiguration via knowledge transfer in multi-agent systems under local LTL specifications.,2014,Meng Guo 0002 & Dimos V. Dimarogonas,conf/icra/GuoD14,https://doi.org/10.1109/ICRA.2014.6907485,Robotics
74,Fast stochastic motion planning with optimality guarantees using local policy reconfiguration.,2014,Ryan Luna & Morteza Lahijanian & Mark Moll & Lydia E. Kavraki,conf/icra/LunaLMK14,https://doi.org/10.1109/ICRA.2014.6907293,Robotics
79,Magnetically-Connected Modular Reconfigurable Mini-robotic System with Bilateral Isokinematic Mapping and Fast On-site Assembly towards Minimally Invasive Procedures.,2021,Xiao Xiao & Shilei Xu & Changsheng Li & Xiaoyi Gu & Huxin Gao & Max Q.-H. Meng & Hongliang Ren 0001,conf/icra/XiaoXLGGM021,https://doi.org/10.1109/ICRA48506.2021.9561141,Robotics
86,Global/local motion planning based on Dynamic Trajectory Reconfiguration and Dynamical Systems for Autonomous Surgical Robots.,2020,Narcís Sayols & Alessio Sozzi & Nicola Piccinelli & Albert Hernansanz & Alicia Casals & Marcello Bonfè & Riccardo Muradore,conf/icra/SayolsSPHCBM20,https://doi.org/10.1109/ICRA40945.2020.9197525,Robotics
120,Distributed computation of forces in modular-robotic ensembles as part of reconfiguration planning.,2017,Pawel Holobut & Jakub Lengiewicz,conf/icra/HolobutL17,https://doi.org/10.1109/ICRA.2017.7989242,Robotics
132,Coordinated Control of a Reconfigurable Multi-Vessel Platform: Robust Control Approach.,2019,Shinkyu Park & Erkan Kayacan & Carlo Ratti & Daniela Rus,conf/icra/ParkKRR19,https://doi.org/10.1109/ICRA.2019.8794075,Robotics
133,Fault tolerance analysis of a hexarotor with reconfigurable tilted rotors.,2020,Claudio D. Pose & Juan I. Giribet & Ignacio Mas,conf/icra/PoseGM20,https://doi.org/10.1109/ICRA40945.2020.9196552,Robotics
142,Multi-fingered robotic hand planner for object reconfiguration through a rolling contact evolution model.,2013,Juan Antonio Corrales Ramon & Véronique Perdereau & Fernando Torres Medina,conf/icra/RamonPM13,https://doi.org/10.1109/ICRA.2013.6630638,Robotics
143,A reconfiguration strategy for Reconfigurable Cable-Driven Parallel Robots.,2015,Lorenzo Gagliardini & Stéphane Caro & Marc Gouttefarde & Alexis Girin,conf/icra/GagliardiniCGG15,https://doi.org/10.1109/ICRA.2015.7139404,Robotics
147,A hybrid plastic-fabric soft bending actuator with reconfigurable bending profiles.,2017,Rainier F. Natividad & Manuel R. Del Rosario & Peter C. Y. Chen & Chen-Hua Yeow,conf/icra/NatividadRCY17,https://doi.org/10.1109/ICRA.2017.7989792,Robotics
157,Reconfiguration Analysis and Motion Planning of a Novel Reconfigurable Mobile Manipulator Torso.,2018,Wan Ding & Tim Detert & Jorge De La Cruz & Burkhard Corves,conf/icra/DingDCC18,https://doi.org/10.1109/ICRA.2018.8460214,Robotics
161,Reconfigurable Motion Planning and Control in Obstacle Cluttered Environments under Timed Temporal Tasks.,2019,Christos K. Verginis & Constantinos Vrohidis & Charalampos P. Bechlioulis & Kostas J. Kyriakopoulos & Dimos V. Dimarogonas,conf/icra/VerginisVBKD19,https://doi.org/10.1109/ICRA.2019.8794000,Robotics
163,Design of manually reconfigurable modular manipulator with three revolute joints and links.,2016,Seonghun Hong 0001 & Dong-Eun Choi & Sungchul Kang & Hyeongcheol Lee & Woosub Lee,conf/icra/HongCKLL16,https://doi.org/10.1109/ICRA.2016.7487728,Robotics
166,Quasi-static evaluation of a modular and Reconfigurable Manufacturing Cell.,2013,Aditya N. Das & Stephen Savoie,conf/icra/DasS13,https://doi.org/10.1109/ICRA.2013.6630585,Robotics
169,Learning to Control Reconfigurable Staged Soft Arms.,2020,Austin Nicolai & Gina Olson & Yigit Mengüç & Geoffrey A. Hollinger,conf/icra/NicolaiOMH20,https://doi.org/10.1109/ICRA40945.2020.9197516,Robotics
173,Full-resolution reconfiguration planning for heterogeneous cube-shaped modular robots with only sliding motion primitive.,2016,Hiroshi Kawano,conf/icra/Kawano16,https://doi.org/10.1109/ICRA.2016.7487730,Robotics
184,A Multi-VTOL Modular Aspect Ratio Reconfigurable Aerial Robot.,2022,Stephen J. Carlson & Prateek Arora & Christos Papachristos,conf/icra/CarlsonAP22,https://doi.org/10.1109/ICRA46639.2022.9811542,Robotics
193,On the analysis of large-dimension reconfigurable suspended cable-driven parallel robots.,2014,Dinh Quan Nguyen & Marc Gouttefarde & Olivier Company & François Pierrot,conf/icra/NguyenGCP14,https://doi.org/10.1109/ICRA.2014.6907701,Robotics
255,Reconfigurable Magnetic Microswarm for Thrombolysis under Ultrasound Imaging.,2020,Qianqian Wang & Ben Wang & Jiangfan Yu & Kathrin Schweizer & Bradley J. Nelson & Li Zhang 0010,conf/icra/WangWYSNZ20,https://doi.org/10.1109/ICRA40945.2020.9197432,Robotics
265,M3Express: A low-cost independently-mobile reconfigurable modular robot.,2012,Kevin C. Wolfe & Matthew Moses & Michael Dennis Mays Kutzer & Gregory S. Chirikjian,conf/icra/WolfeMKC12,https://doi.org/10.1109/ICRA.2012.6224971,Robotics
290,"Design optimization of a bone-attached, redundant and reconfigurable parallel kinematic device for skull surgery.",2014,Jan-Philipp Kobler & Jens Kotlarski & G. Jakob Lexow & Omid Majdani & Tobias Ortmaier,conf/icra/KoblerKLMO14,https://doi.org/10.1109/ICRA.2014.6907187,Robotics
316,WheeLeR: Wheel-Leg Reconfigurable Mechanism with Passive Gears for Mobile Robot Applications.,2019,Chuanqi Zheng & Kiju Lee,conf/icra/ZhengL19a,https://doi.org/10.1109/ICRA.2019.8793686,Robotics
340,Resilience in multi-robot target tracking through reconfiguration.,2020,Ragesh K. Ramachandran & Nicole Fronda & Gaurav S. Sukhatme,conf/icra/RamachandranFS20,https://doi.org/10.1109/ICRA40945.2020.9196961,Robotics
350,Reinforcement Learning Control of a Reconfigurable Planar Cable Driven Parallel Manipulator.,2023,Adhiti Raman & Amey A. Salvi & Matthias J. Schmid & Venkat Krovi,conf/icra/RamanSSK23,https://doi.org/10.1109/ICRA48891.2023.10160498,Robotics
399,Minimum-Effort Task-based Design Optimization of Modular Reconfigurable Robots.,2021,Edoardo Romiti & Navvab Kashiri & Jörn Malzahn & Nikos G. Tsagarakis,conf/icra/RomitiKMT21,https://doi.org/10.1109/ICRA48506.2021.9561273,Robotics
402,Reconfigurable Network for Efficient Inferencing in Autonomous Vehicles.,2019,Shihong Fang & Anna Choromanska,conf/icra/FangC19,https://doi.org/10.1109/ICRA.2019.8794064,Robotics
413,Dynamic Reconfiguration of Mission Parameters in Underwater Human-Robot Collaboration.,2018,Md Jahidul Islam & Marc Ho & Junaed Sattar,conf/icra/IslamHS18,https://doi.org/10.1109/ICRA.2018.8461197,Robotics
425,Environment Reconfiguration Planning for Autonomous Robotic Manipulation to overcome Mobility Constraints.,2021,Prateek Arora & Christos Papachristos,conf/icra/AroraP21,https://doi.org/10.1109/ICRA48506.2021.9560799,Robotics
427,A Novel Reconfigurable Revolute Joint with Adjustable Stiffness.,2019,Zhongyi Li & Weihai Chen & Shaoping Bai,conf/icra/LiCB19,https://doi.org/10.1109/ICRA.2019.8793906,Robotics
428,First demonstration of a modular and reconfigurable magnetic-manipulation system.,2015,Andrew J. Petruska & Joseph B. Brink & Jake J. Abbott,conf/icra/PetruskaBA15,https://doi.org/10.1109/ICRA.2015.7138993,Robotics
432,The Reconfigurable Aerial Robotic Chain: Modeling and Control.,2020,Huan Nguyen 0003 & Tung Dang & Kostas Alexis,conf/icra/0003DA20,https://doi.org/10.1109/ICRA40945.2020.9197184,Robotics
446,Dynamic Reconfiguration Manipulability analyses of humanoid bipedal walking.,2013,Yosuke Kobayashi & Mamoru Minami & Akira Yanou & Tomohide Maeba,conf/icra/KobayashiMYM13,https://doi.org/10.1109/ICRA.2013.6631258,Robotics
472,Coaxial Modular Aerial System and the Reconfiguration Applications.,2023,José Baca & Syed Izzat Ullah & Pablo Rangel,conf/icra/BacaUR23,https://doi.org/10.1109/ICRA48891.2023.10161064,Robotics
473,Recognition and Reconfiguration of Lattice-Based Cellular Structures by Simple Robots.,2020,Eike Niehs & Arne Schmidt 0001 & Christian Scheffer & Daniel E. Biediger & Michael Yannuzzi & Benjamin Jenett & Amira Abdel-Rahman & Kenneth C. Cheung & Aaron T. Becker & Sándor P. Fekete,conf/icra/Niehs0SBYJACBF20,https://doi.org/10.1109/ICRA40945.2020.9196700,Robotics
514,Agile Legged-Wheeled Reconfigurable Navigation Planner Applied on the CENTAURO Robot.,2020,Vignesh Sushrutha Raghavan & Dimitrios Kanoulas & Darwin G. Caldwell & Nikos G. Tsagarakis,conf/icra/RaghavanKCT20,https://doi.org/10.1109/ICRA40945.2020.9197407,Robotics
516,Panthera: Design of a Reconfigurable Pavement Sweeping Robot.,2019,Abdullah Aamir Hayat & Rizuwana Parween & Mohan Rajesh Elara & K. Parsuraman & Prathap S. Kandasamy,conf/icra/HayatPEPK19,https://doi.org/10.1109/ICRA.2019.8794268,Robotics
519,Dynamically Reconfigurable Discrete Distributed Stiffness for Inflated Beam Robots.,2020,Brian H. Do & Valory Banashek & Allison M. Okamura,conf/icra/DoBO20,https://doi.org/10.1109/ICRA40945.2020.9197237,Robotics
547,MOCA-MAN: A MObile and reconfigurable Collaborative Robot Assistant for conjoined huMAN-robot actions.,2020,Wansoo Kim & Pietro Balatti & Edoardo Lamon & Arash Ajoudani,conf/icra/KimBLA20,https://doi.org/10.1109/ICRA40945.2020.9197115,Robotics
588,An underwater reconfigurable robot with bioinspired electric sense.,2012,Stefano Mintchev & Cesare Stefanini & Alexis Girin & Stefano Marrazza & Stefano Orofino & Vincent Lebastard & Luigi Manfredi & Paolo Dario & Frédéric Boyer,conf/icra/MintchevSGMOLMDB12,https://doi.org/10.1109/ICRA.2012.6224956,Robotics
627,"ARCSnake: An Archimedes' Screw-Propelled, Reconfigurable Serpentine Robot for Complex Environments.",2020,Dimitri A. Schreiber & Florian Richter 0002 & Andrew Bilan & Peter V. Gavrilov & Hoi Man Lam & Casey H. Price & Kalind C. Carpenter & Michael C. Yip,conf/icra/SchreiberRBGLPC20,https://doi.org/10.1109/ICRA40945.2020.9196968,Robotics
633,Evaluation of the reconfiguration effects of planetary rovers on their lateral traversing of sandy slopes.,2012,Hiroaki Inotsume & Masataku Sutoh & Kenji Nagaoka & Keiji Nagatani & Kazuya Yoshida,conf/icra/InotsumeSNNY12,https://doi.org/10.1109/ICRA.2012.6224887,Robotics
646,A Reconfigurable Variable Stiffness Manipulator by a Sliding Layer Mechanism.,2019,Dickson Chun Fung Li & Zerui Wang & Bo Ouyang & Yun-Hui Liu,conf/icra/LiWOL19,https://doi.org/10.1109/ICRA.2019.8793571,Robotics
652,Linear Heterogeneous Reconfiguration of Cubic Modular Robots via Simultaneous Tunneling and Permutation.,2019,Hiroshi Kawano,conf/icra/Kawano19,https://doi.org/10.1109/ICRA.2019.8793594,Robotics
653,Reconfiguration planning for pivoting cube modular robots.,2015,Cynthia R. Sung & James M. Bern & John Romanishin & Daniela Rus,conf/icra/SungBRR15,https://doi.org/10.1109/ICRA.2015.7139451,Robotics
656,Reconfigurable Inflated Soft Arms.,2023,Nam Gyun Kim & Jee-Hwan Ryu,conf/icra/KimR23,https://doi.org/10.1109/ICRA48891.2023.10160569,Robotics
680,Parallel Permutation for Linear Full-resolution Reconfiguration of Heterogeneous Sliding-only Cubic Modular Robots.,2020,Hiroshi Kawano,conf/icra/Kawano20,https://doi.org/10.1109/ICRA40945.2020.9197033,Robotics
681,Smooth joint motion planning for high precision reconfigurable robot manipulators.,2017,Stefano Baraldo & Anna Valente,conf/icra/BaraldoV17,https://doi.org/10.1109/ICRA.2017.7989103,Robotics
703,A reconfigurable hybrid actuator with rigid and soft components.,2017,Yaohui Chen & Sing Le & Qiao Chu Tan & Oscar Lau & Fang Wan & Chaoyang Song,conf/icra/ChenLTLWS17,https://doi.org/10.1109/ICRA.2017.7988691,Robotics
738,Safe decentralized and reconfigurable multi-agent control with guaranteed convergence.,2017,Constantinos Vrohidis & Charalampos P. Bechlioulis & Kostas J. Kyriakopoulos,conf/icra/VrohidisBK17,https://doi.org/10.1109/ICRA.2017.7989034,Robotics
745,Path Planning for a Reconfigurable Robot in Extreme Environments.,2021,Wei Cheah & Tomas B. Garcia-Nathan & Keir Groves & Simon Watson 0001 & Barry Lennox,conf/icra/CheahGG0L21,https://doi.org/10.1109/ICRA48506.2021.9561834,Robotics
746,Singularity analysis and reconfiguration mode of the 3-CRS parallel manipulator.,2020,Chedli Bouzgarrou & Adrien Koessler & Nicolas Bouton,conf/icra/BouzgarrouKB20,https://doi.org/10.1109/ICRA40945.2020.9197337,Robotics
761,A Reconfigurable Industry 4.0 Middleware Software Architecture.,2023,Sune Chung Jepsen & Bende Siewertsen & Torben Worm,conf/icsa/JepsenSW23,https://doi.org/10.1109/ICSA-C57050.2023.00023,Software_Architecture
767,Synchronous Reconfiguration of Distributed Embedded Applications During Operation.,2019,Kilian Telschig & Alexander Knapp,conf/icsa/TelschigK19,https://doi.org/10.1109/ICSA.2019.00021,Software_Architecture
779,Safe Dynamic Reconfiguration of Concurrent Component-based Applications.,2022,Salman Farhat & Simon Bliudze & Laurence Duchien,conf/icsa/FarhatBD22,https://doi.org/10.1109/ICSA-C54293.2022.00027,Software_Architecture
823,A Consistency Framework for Dynamic Reconfiguration in AO-Middleware Architectures.,2014,Bholanathsingh Surajbali & Paul Grace & Geoff Coulson,conf/ecsa/SurajbaliGC14,https://doi.org/10.1007/978-3-319-09970-5_34,Software_Architecture
836,High-Level Language Support for Reconfiguration Control in Component-Based Architectures.,2015,Frederico Alvares & Éric Rutten & Lionel Seinturier,conf/ecsa/AlvaresRS15,https://doi.org/10.1007/978-3-319-23727-5_1,Software_Architecture
838,Retrofitting Controlled Dynamic Reconfiguration into the Architecture Description Language MontiArcAutomaton.,2016,Robert Heim & Oliver Kautz & Jan Oliver Ringert & Bernhard Rumpe & Andreas Wortmann 0001,conf/ecsa/HeimKRRW16,https://doi.org/10.1007/978-3-319-48992-6_13,Software_Architecture
841,Assisting the evolutionary development of SoS with reconfiguration patterns.,2016,Franck Petitdemange & Isabelle Borne & Jérémy Buisson,conf/ecsa/PetitdemangeBB16,http://dl.acm.org/citation.cfm?id=3004845,Software_Architecture
868,Modeling and Execution of Coordinated Missions in Reconfigurable Robot Ensembles.,2020,Martin Schörner & Constantin Wanninger & Alwin Hoffmann & Oliver Kosak & Hella Ponsar & Wolfgang Reif,conf/irc/SchornerWHKPR20,https://doi.org/10.1109/IRC.2020.00053,Robotics
873,Runtime reconfiguration of robot control systems: a ROS-based case study.,2020,Davide Brugali,conf/irc/Brugali20,https://doi.org/10.1109/IRC.2020.00047,Robotics
886,Model-Based Development of QoS-Aware Reconfigurable Autonomous Robotic Systems.,2018,Davide Brugali & Rafael Capilla & Raffaela Mirandola & Catia Trubiani,conf/irc/BrugaliCMT18,https://doi.org/10.1109/IRC.2018.00027,Robotics
887,Robust reconfiguration of cloud applications.,2014,Francisco Durán 0001 & Gwen Salaün,conf/cbse/DuranS14,https://doi.org/10.1145/2602458.2602479,Software_Architecture
888,A Reconfigurable Component Model for HPC.,2015,Vincent Lanore & Christian Pérez,conf/cbse/LanoreP15,https://doi.org/10.1145/2737166.2737169,Software_Architecture
889,Coqcots & pycots: non-stopping components for safe dynamic reconfiguration.,2014,Jérémy Buisson & Everton Cavalcante & Fabien Dagnat & Elena Leroux & Sébastien Martinez,conf/cbse/BuissonCDLM14,https://doi.org/10.1145/2602458.2602459,Software_Architecture
891,An architectural approach to ensure globally consistent dynamic reconfiguration of component-based systems.,2012,Mohammad Ghafari & Pooyan Jamshidi & Saeed Shahbazi & Hassan Haghighi,conf/cbse/GhafariJSH12,https://doi.org/10.1145/2304736.2304765,Software_Architecture
892,Executing reconfigurations in hierarchical component architectures.,2013,Christian Heinzemann & Steffen Becker 0001,conf/cbse/HeinzemannB13,https://doi.org/10.1145/2465449.2465452,Software_Architecture
894,KevoreeJS: Enabling Dynamic Software Reconfigurations in the Browser.,2016,Maxime Tricoire & Olivier Barais & Manuel Leduc & François Fouquet & Gerson Sunyé & Brice Morin & Johann Bourcier & Grégory Nain & Ludovic Mouline,conf/cbse/TricoireBLFSMBN16,https://doi.org/10.1109/CBSE.2016.20,Software_Architecture
895,Towards Safe Execution of Reconfigurations in Cyber-Physical Systems.,2016,David Schubert & Christian Heinzemann & Christopher Gerking,conf/cbse/SchubertHG16,https://doi.org/10.1109/CBSE.2016.10,Software_Architecture
896,Towards modeling reconfiguration in hierarchical component architectures.,2012,Christian Heinzemann & Claudia Priesterjahn & Steffen Becker 0001,conf/cbse/HeinzemannPB12,https://doi.org/10.1145/2304736.2304742,Software_Architecture
897,Using a model to generate reconfiguration plans at runtime.,2014,Marco Eugênio Madeira Di Beneditto & Cláudia Maria Lima Werner,conf/cbse/BenedittoW14,https://doi.org/10.1145/2602458.2602466,Software_Architecture
898,AO-OpenCom: an AO-middleware architecture supporting flexible dynamic reconfiguration.,2014,Bholanathsingh Surajbali & Paul Grace & Geoff Coulson,conf/cbse/SurajbaliGC14,https://doi.org/10.1145/2602458.2602472,Software_Architecture
930,Supporting ARINC 653-based Dynamic Reconfiguration.,2012,Víctor López-Jaquero & Francisco Montero Simarro & Elena Navarro 0001 & Antonio Esparcia & José Antonio Catalán,conf/wicsa/Lopez-JaqueroMNEC12,https://doi.org/10.1109/WICSA-ECSA.212.9,Software_Architecture
945,"Carpie: A soft, mechanically-reconfigurable worm robot.",2019,Pouya Ahmadian & Rainier F. Natividad & Chen-Hua Yeow,conf/iros/AhmadianNY19,https://doi.org/10.1109/IROS40897.2019.8968305,Robotics
980,"On Robotic Manipulation of Flexible Flat Cables: Employing a Multi-Modal Gripper with Dexterous Tips, Active Nails, and a Reconfigurable Suction Cup Module.",2022,Joao Buzzatto & Jayden Chapman & Mojtaba Shahmohammadi & Felipe Sanches & Mahla Nejati & Saori Matsunaga & Rintaro Haraguchi & Toshisada Mariyama & Bruce A. MacDonald & Minas V. Liarokapis,conf/iros/BuzzattoCSSNMHM22,https://doi.org/10.1109/IROS47612.2022.9981313,Robotics
991,Interactive null space control for intuitively interpretable reconfiguration of redundant manipulators.,2017,Nico Mansfeld & Fabian Beck 0002 & Alexander Dietrich & Sami Haddadin,conf/iros/Mansfeld0DH17,https://doi.org/10.1109/IROS.2017.8206432,Robotics
1020,Reconfiguring Metamorphic Robots via SMT: Is It a Viable Way?,2021,Jan Mrázek & Martin Jonás & Jiri Barnat,conf/iros/MrazekJB21,https://doi.org/10.1109/IROS51168.2021.9636534,Robotics
1045,Cooperative transportation of a payload using quadrotors: A reconfigurable cable-driven parallel robot.,2016,Carlo Masone & Heinrich H. Bülthoff & Paolo Stegagno,conf/iros/MasoneBS16,https://doi.org/10.1109/IROS.2016.7759262,Robotics
1048,HexaMorph: A reconfigurable and foldable hexapod robot inspired by origami.,2014,Wei Gao & Ke Huo & Jasjeet Singh Seehra & Karthik Ramani & Raymond J. Cipra,conf/iros/GaoHSRC14,https://doi.org/10.1109/IROS.2014.6943214,Robotics
1071,"Reconfigurable intelligent space, R+iSpace, and mobile module, MoMo.",2012,JongSeung Park & Joo-Ho Lee 0001,conf/iros/ParkL12,https://doi.org/10.1109/IROS.2012.6386282,Robotics
1073,Motion planning for continuum reconfigurable incisionless surgical parallel robots.,2017,Alan Kuntz & Arthur W. Mahoney & Nicolas E. Peckman & Patrick L. Anderson & Fabien Maldonado & Robert J. Webster III & Ron Alterovitz,conf/iros/KuntzMPAMWA17,https://doi.org/10.1109/IROS.2017.8206553,Robotics
1085,Htetran - A Polyabolo Inspired Self Reconfigurable Tiling Robot.,2019,Veerajagadheswar Prabakaran & Vinu Sivanantham & Manojkumar Devarassu & Mohan Rajesh Elara,conf/iros/PrabakaranSDE19,https://doi.org/10.1109/IROS40897.2019.8967832,Robotics
1107,Rotor Array Synergies for Aerial Modular Reconfigurable Robots.,2022,Benjamin Moshirian & Pauline E. I. Pounds,conf/iros/MoshirianP22,https://doi.org/10.1109/IROS47612.2022.9982034,Robotics
1132,The ARoA Platform: An Autonomous Robotic Assistant with a Reconfigurable Torso System and Dexterous Manipulation Capabilities.,2021,Gal Gorjup & Che-Ming Chang & Geng Gao & Lucas Gerez & Anany Dwivedi & Ruobing Yu & Patrick Jarvis & Minas V. Liarokapis,conf/iros/GorjupCGGDYJL21,https://doi.org/10.1109/IROS51168.2021.9636604,Robotics
1148,Snapbot V2: a Reconfigurable Legged Robot with a Camera for Self Configuration Recognition.,2020,Kevin G. Gim & Joohyung Kim,conf/iros/GimK20,https://doi.org/10.1109/IROS45743.2020.9341279,Robotics
1149,ReBiS - Reconfigurable Bipedal Snake robot.,2014,Rohan Thakker & Ajinkya Kamat & Sachin Bharambe & Shital S. Chiddarwar & K. M. Bhurchandi,conf/iros/ThakkerKBCB14,https://doi.org/10.1109/IROS.2014.6942577,Robotics
1151,Study of reconfigurable suspended cable-driven parallel robots for airplane maintenance.,2014,Dinh Quan Nguyen & Marc Gouttefarde,conf/iros/NguyenG14,https://doi.org/10.1109/IROS.2014.6942781,Robotics
1160,Autonomous model-based assessment of mechanical failures of reconfigurable modular robots with a Conjugate Gradient solver.,2020,Pawel Holobut & Stéphane P. A. Bordas & Jakub Lengiewicz,conf/iros/HolobutBL20,https://doi.org/10.1109/IROS45743.2020.9341232,Robotics
1219,Monitoring of robot path tracking: Reconfiguration strategy design and experimental validation.,2013,Samir Benmoussa & Rui Loureiro & Youcef Touati 0002 & Rochdi Merzouki,conf/iros/BenmoussaLTM13,https://doi.org/10.1109/IROS.2013.6697199,Robotics
1235,Connected Reconfiguration of Polyominoes Amid Obstacles using RRT.,2022,Javier Garcia & Michael Yannuzzi & Peter Kramer 0001 & Christian Rieck & Aaron T. Becker,conf/iros/GarciaYKRB22,https://doi.org/10.1109/IROS47612.2022.9981184,Robotics
1237,Collision-Free Reconfiguration Planning for Variable Topology Trusses Using a Linking Invariant.,2023,Alexander Spinos & Mark Yim,conf/iros/SpinosY23,https://doi.org/10.1109/IROS55552.2023.10341927,Robotics
1257,Online Complete Coverage Path Planning of a Reconfigurable Robot using Glasius Bio-inspired Neural Network and Genetic Algorithm.,2022,S. M. Bhagya P. Samarakoon & M. A. Viraj J. Muthugala & Mohan Rajesh Elara,conf/iros/SamarakoonME22,https://doi.org/10.1109/IROS47612.2022.9981667,Robotics
1282,Role of compliance on the locomotion of a reconfigurable modular snake robot.,2015,Massimo Vespignani & Kamilo Melo & Stéphane Bonardi & Auke Jan Ijspeert,conf/iros/VespignaniMBI15,https://doi.org/10.1109/IROS.2015.7353677,Robotics
1284,Automatic centralized controller design for modular and reconfigurable robot manipulators.,2015,Andrea Giusti & Matthias Althoff,conf/iros/GiustiA15,https://doi.org/10.1109/IROS.2015.7353831,Robotics
1323,Hands-on reconfigurable robotic surgical instrument holder arm.,2016,Piyamate Wisanuvej & Konrad Leibrandt & Jindong Liu & Guang-Zhong Yang,conf/iros/WisanuvejLLY16,https://doi.org/10.1109/IROS.2016.7759385,Robotics
1381,Complete reconfiguration algorithm for sliding cube-shaped modular robots with only sliding motion primitive.,2015,Hiroshi Kawano,conf/iros/Kawano15,https://doi.org/10.1109/IROS.2015.7353832,Robotics
1383,Grasping with Embedded Synergies through a Reconfigurable Electric Actuation Topology.,2021,Éamon Barrett & Zeyu Ren & Nikos G. Tsagarakis,conf/iros/BarrettRT21,https://doi.org/10.1109/IROS51168.2021.9636074,Robotics
1400,Decentralized Pose Control of Modular Reconfigurable Robots Operating in Liquid Environments.,2019,João V. Amorim Marques & Anil Özdemir & Matthew J. Doyle & Daniela Rus & Roderich Groß,conf/iros/MarquesODRG19,https://doi.org/10.1109/IROS40897.2019.8967698,Robotics
1412,Visuospatial skill learning for object reconfiguration tasks.,2013,Seyed Reza Ahmadzadeh & Petar Kormushev & Darwin G. Caldwell,conf/iros/AhmadzadehKC13,https://doi.org/10.1109/IROS.2013.6696425,Robotics
1413,Snapbot: A reconfigurable legged robot.,2017,Joohyung Kim & Alexander Alspach & Katsu Yamane,conf/iros/KimAY17,https://doi.org/10.1109/IROS.2017.8206477,Robotics
1428,Set-point Control for a Ground-based Reconfigurable Robot.,2022,Wei Cheah & Bruno Vilhena Adorno & Simon Watson 0001 & Barry Lennox,conf/iros/CheahA0L22,https://doi.org/10.1109/IROS47612.2022.9981358,Robotics
1458,Planning high-visibility stable paths for reconfigurable robots on uneven terrain.,2012,Mohammad Norouzi 0001 & Jaime Valls Miró & Gamini Dissanayake,conf/iros/NorouziMD12,https://doi.org/10.1109/IROS.2012.6385821,Robotics
1463,A Reconfigurable Interface for Ergonomic and Dynamic Tele-Locomanipulation.,2021,Soheil Gholami & Francesco Tassi & Elena De Momi & Arash Ajoudani,conf/iros/GholamiTMA21,https://doi.org/10.1109/IROS51168.2021.9636775,Robotics
1464,Online System Identification Algorithm without Persistent Excitation for Robotic Systems: Application to Reconfigurable Autonomous Vessels.,2019,Erkan Kayacan & Shinkyu Park & Carlo Ratti & Daniela Rus,conf/iros/KayacanPRR19,https://doi.org/10.1109/IROS40897.2019.8968461,Robotics
1466,A Multi-Modal Robotic Gripper with a Reconfigurable Base: Improving Dexterous Manipulation without Compromising Grasping Efficiency.,2021,Nathan Elangovan & Lucas Gerez & Geng Gao & Minas V. Liarokapis,conf/iros/ElangovanGGL21,https://doi.org/10.1109/IROS51168.2021.9636392,Robotics
1485,Two-Stage Optimization of a Reconfigurable Asymmetric 6-DOF Haptic Robot for Task-Specific Workspace.,2021,Changqi Zhang & Congzhe Wang & Qing Miao & Mingming Zhang 0001,conf/iros/ZhangWMZ21,https://doi.org/10.1109/IROS51168.2021.9636251,Robotics
1494,Reconfigurable parallel continuum robots for incisionless surgery.,2016,Arthur W. Mahoney & Patrick L. Anderson & Philip J. Swaney & Fabien Maldonado & Robert J. Webster III,conf/iros/MahoneyASMW16,https://doi.org/10.1109/IROS.2016.7759637,Robotics
1512,Reconfigurable Soft Flexure Hinges via Pinched Tubes.,2020,Yuhao Jiang & Mohammad Sharifzadeh & Daniel M. Aukes,conf/iros/JiangSA20,https://doi.org/10.1109/IROS45743.2020.9341109,Robotics
1553,ModLock: A manual connector for reconfigurable modular robots.,2012,Jay Davey & Jimmy Sastra & Matt Piccoli & Mark Yim,conf/iros/DaveySPY12,https://doi.org/10.1109/IROS.2012.6386190,Robotics
1559,Balloon Animal Robots: Reconfigurable Isoperimetric Inflated Soft Robots.,2021,Anthony D. Stuart & Zachary M. Hammond & Sean Follmer,conf/iros/StuartHF21,https://doi.org/10.1109/IROS51168.2021.9635842,Robotics
1560,In-Hand Cube Reconfiguration: Simplified.,2023,Sumit Patidar & Adrian Sieler & Oliver Brock,conf/iros/PatidarSB23,https://doi.org/10.1109/IROS55552.2023.10341521,Robotics
1566,Slope traversability analysis of reconfigurable planetary rovers.,2012,Hiroaki Inotsume & Masataku Sutoh & Kenji Nagaoka & Keiji Nagatani & Kazuya Yoshida,conf/iros/InotsumeSNNY12,https://doi.org/10.1109/IROS.2012.6386044,Robotics
1601,Resilience by Reconfiguration: Exploiting Heterogeneity in Robot Teams.,2019,Ragesh K. Ramachandran & James A. Preiss & Gaurav S. Sukhatme,conf/iros/RamachandranPS19,https://doi.org/10.1109/IROS40897.2019.8968611,Robotics
1606,Design and testing of FERVOR: FlexiblE and reconfigurable voxel-based robot.,2017,Nick Cramer & Maryam Tebyani & Katelyn Stone & Daniel Cellucci & Kenneth C. Cheung & Sean Shan-Min Swei & Mircea Teodorescu,conf/iros/CramerTSCCST17,https://doi.org/10.1109/IROS.2017.8206100,Robotics
1637,Distributed Reconfigurable Formation Generator for Mini Aerial Vehicles.,2018,Lara Brifion-Arranz & Matthieu Muschinowski & Jonathan Dumon & Nicolas Marchand,conf/iros/Brifion-ArranzM18,https://doi.org/10.1109/IROS.2018.8593511,Robotics
1643,Learning-based Nonlinear Model Predictive Control of Reconfigurable Autonomous Robotic Boats: Roboats.,2019,Erkan Kayacan & Shinkyu Park & Carlo Ratti & Daniela Rus,conf/iros/KayacanPRR19a,https://doi.org/10.1109/IROS40897.2019.8967525,Robotics
1658,Reconfiguration Motion Planning for Variable Topology Truss.,2019,Chao Liu 0021 & Mark Yim,conf/iros/0021Y19,https://doi.org/10.1109/IROS40897.2019.8967640,Robotics
1666,Towards Full Actuation: Reconfigurable Micro Underwater Robots.,2023,Nathalie Bauschmann & Daniel-André Duecker & Thies L. Alff & Rene C. Hochdahl & Robert Seifried,conf/iros/BauschmannDAHS23,https://doi.org/10.1109/IROS55552.2023.10341621,Robotics
1682,Reconfigurable Robot Control Using Flexible Coupling Mechanisms.,2023,Sha Yi & Katia P. Sycara & Fatma Zeynep Temel,conf/rss/YiST23,https://doi.org/10.15607/RSS.2023.XIX.095,Robotics
1684,The RUTH Gripper: Systematic Object-Invariant Prehensile In-Hand Manipulation via Reconfigurable Underactuation.,2020,Qiujie Lu & Nicholas Baron & Angus B. Clark & Nicolas Rojas 0002,conf/rss/LuBCR20,https://doi.org/10.15607/RSS.2020.XVI.093,Robotics
1759,Cooperative Continuum Robots: Enhancing Individual Continuum Arms by Reconfiguring Into a Parallel Manipulator.,2022,Matteo Russo & Natthapol Sriratanasak & Weiming Ba & Xin Dong 0011 & Abdelkhalick Mohammad & Dragos Axinte,journals/ral/RussoSBDMA22,https://doi.org/10.1109/LRA.2021.3139371,Robotics
1781,Multi-Mode Motion Control of Reconfigurable Vortex-Shaped Microrobot Swarms for Targeted Tumor Therapy.,2022,Luyao Wang & Li Song & Hongyan Sun & Yiming Ji & Yuguo Dai & Lin Feng 0002,journals/ral/WangSSJDF22,https://doi.org/10.1109/LRA.2022.3146522,Robotics
1789,Simulation Data Driven Design Optimization for Reconfigurable Soft Gripper System.,2022,Jun Liu & Jin Huat Low & Qian Qian Han & Marisa Lim & Dingjie Lu & Chen-Hua Yeow & Zhuangjian Liu,journals/ral/LiuLHLLYL22,https://doi.org/10.1109/LRA.2022.3155825,Robotics
1800,GTac-Gripper: A Reconfigurable Under-Actuated Four-Fingered Robotic Gripper With Tactile Sensing.,2022,Zeyu Lu & Haotian Guo & Wensi Zhang & Haoyong Yu,journals/ral/LuGZY22,https://doi.org/10.1109/LRA.2022.3181370,Robotics
1812,Automatically Deployable Robust Control of Modular Reconfigurable Robot Manipulators.,2022,Carlo Nainer & Andrea Giusti,journals/ral/NainerG22,https://doi.org/10.1109/LRA.2022.3155826,Robotics
1815,Optimal Task-Space Tracking With Minimum Manipulator Reconfiguration.,2022,Tong Yang 0006 & Jaime Valls Miró & Yue Wang 0020 & Rong Xiong,journals/ral/YangMWX22,https://doi.org/10.1109/LRA.2022.3153725,Robotics
1818,Rising STAR: A Highly Reconfigurable Sprawl Tuned Robot.,2018,David Zarrouk & Liran Yehezkel,journals/ral/ZarroukY18,https://doi.org/10.1109/LRA.2018.2805165,Robotics
1878,Battery Cell Reconfiguration to Expedite Charge Equalization in Series-Connected Battery Systems.,2018,Weiji Han & Liang Zhang 0025,journals/ral/HanZ18,https://doi.org/10.1109/LRA.2017.2728204,Robotics
1905,ReC-Gripper: A Reconfigurable Combined Suction and Fingered Gripper for Various Logistics Picking and Stowing Tasks.,2024,Seunghwan Um & Heeyeon Jeong & Chun Soo Kim & Issac Rhee & Hyouk Ryeol Choi,journals/ral/UmJKRC24,https://doi.org/10.1109/LRA.2023.3330051,Robotics
1944,RTSRAs: A Series-Parallel-Reconfigurable Tendon-Driven Supernumerary Robotic Arms.,2022,Qinghua Zhang & Changle Li & Hongwei Jing & Hongwu Li & Xianglong Li & Haotian Ju & Yuan Tang & Jie Zhao 0003 & Yanhe Zhu,journals/ral/ZhangLJLLJTZZ22,https://doi.org/10.1109/LRA.2022.3183251,Robotics
1947,S-Sacrr: A Staircase and Slope Accessing Reconfigurable Cleaning Robot and its Validation.,2022,Veerajagadheswar Prabakaran & Yuyao Shi & Prathap S. Kandasamy & Mohan Rajesh Elara & Abdullah Aamir Hayat,journals/ral/PrabakaranSKEH22,https://doi.org/10.1109/LRA.2022.3151572,Robotics
1973,Flexoskeleton Fingers: 3D Printed Reconfigurable Ridges Enabling Multi-Functional and Low-Cost Underactuated Grasping.,2021,Qifan Yu & Mingsong Jiang & Nick Gravish,journals/ral/YuJG21,https://doi.org/10.1109/LRA.2021.3067181,Robotics
1975,Quadrolltor: A Reconfigurable Quadrotor With Controlled Rolling and Turning.,2023,Huaiyuan Jia & Runze Ding & Kaixu Dong & Songnan Bai & Pakpong Chirarattananon,journals/ral/JiaDDBC23,https://doi.org/10.1109/LRA.2023.3279624,Robotics
1978,Linear-Time Reconfiguration of Sliding-Only Cubic Modular Robots Under Severe Space Requirements.,2023,Hiroshi Kawano,journals/ral/Kawano23,https://doi.org/10.1109/LRA.2023.3315208,Robotics
1995,Grasp Planning With a Soft Reconfigurable Gripper Exploiting Embedded and Environmental Constraints.,2021,Enrico Turco & Valerio Bo & Maria Pozzi & Alessandro Rizzo & Domenico Prattichizzo,journals/ral/TurcoBPRP21,https://doi.org/10.1109/LRA.2021.3072855,Robotics
1999,Design of a Reconfigurable Parallel Continuum Robot With Tendon-Actuated Kinematic Chains.,2021,Georg Böttcher & Sven Lilge & Jessica Burgner-Kahrs,journals/ral/BottcherLB21,https://doi.org/10.1109/LRA.2021.3057557,Robotics
2013,Reconfigurable Drone System for Transportation of Parcels With Variable Mass and Size.,2022,Fabrizio Schiano & Przemyslaw Mariusz Kornatowski & Leonardo Cencetti & Dario Floreano,journals/ral/SchianoKCF22,https://doi.org/10.1109/LRA.2022.3208716,Robotics
2016,A Reconfigurable Gripper for Robotic Autonomous Depalletizing in Supermarket Logistics.,2020,Giuseppe Andrea Fontanelli & Gianmarco Paduano & Riccardo Caccavale & Pierluigi Arpenti & Vincenzo Lippiello & Luigi Villani & Bruno Siciliano,journals/ral/FontanelliPCALV20,https://doi.org/10.1109/LRA.2020.3003283,Robotics
2021,Reconfiguration Solution of a Variable Topology Truss: Design and Experiment.,2020,Eugene Park & JangHo Bae & Sumin Park & JongWon Kim 0002 & Mark Yim & TaeWon Seo,journals/ral/ParkBPKYS20,https://doi.org/10.1109/LRA.2020.2970618,Robotics
2033,A Minimally Actuated Reconfigurable Continuous Track Robot.,2020,Tal Kislassi & David Zarrouk,journals/ral/KislassiZ20,https://doi.org/10.1109/LRA.2019.2959237,Robotics
2055,Dynamically Reconfigurable Tactile Sensor for Robotic Manipulation.,2020,Tae Myung Huh & Hojung Choi & Simone Willcox & Stephanie Moon & Mark R. Cutkosky,journals/ral/HuhCWMC20,https://doi.org/10.1109/LRA.2020.2972881,Robotics
2068,ModMan: An Advanced Reconfigurable Manipulator System With Genderless Connector and Automatic Kinematic Modeling Algorithm.,2020,Alchan Yun & Deaho Moon & Junhyoung Ha & Sungchul Kang & Woosub Lee,journals/ral/YunMHKL20,https://doi.org/10.1109/LRA.2020.2994486,Robotics
2072,"WhiskSight: A Reconfigurable, Vision-Based, Optical Whisker Sensing Array for Simultaneous Contact, Airflow, and Inertia Stimulus Detection.",2021,Teresa A. Kent & Suhan Kim & Gabriel Kornilowicz & Wenzhen Yuan & Mitra J. Z. Hartmann & Sarah Bergbreiter,journals/ral/KentKKYHB21,https://doi.org/10.1109/LRA.2021.3062816,Robotics
2074,A Reconfigurable Leg for Walking Robots.,2022,Fang Nan & Hendrik Kolvenbach & Marco Hutter 0001,journals/ral/NanKH22,https://doi.org/10.1109/LRA.2021.3139379,Robotics
2082,A Distributed Reconfiguration Planning Algorithm for Modular Robots.,2019,Chao Liu 0021 & Michael Whitzer & Mark Yim,journals/ral/LiuWY19,https://doi.org/10.1109/LRA.2019.2930432,Robotics
2089,"Ori-Pixel, a Multi-DoFs Origami Pixel for Modular Reconfigurable Surfaces.",2020,Marco Salerno & Jamie Paik & Stefano Mintchev,journals/ral/SalernoPM20,https://doi.org/10.1109/LRA.2020.3028054,Robotics
2093,A Shared Autonomy Reconfigurable Control Framework for Telemanipulation of Multi-Arm Systems.,2022,Idil Ozdamar & Marco Laghi & Giorgio Grioli & Arash Ajoudani & Manuel G. Catalano & Antonio Bicchi,journals/ral/OzdamarLGACB22,https://doi.org/10.1109/LRA.2022.3191200,Robotics
2100,"RSAW, A Highly Reconfigurable Wave Robot: Analysis, Design, and Experiments.",2019,Dan Shachaf & Ori Inbar & David Zarrouk,journals/ral/ShachafIZ19,https://doi.org/10.1109/LRA.2019.2932583,Robotics
2139,Concentric Tube-Inspired Magnetic Reconfiguration of Variable Stiffness Catheters for Needle Guidance.,2023,Michiel Richter & Venkatasubramanian Kalpathy Venkiteswaran & Sarthak Misra,journals/ral/RichterVM23,https://doi.org/10.1109/LRA.2023.3307294,Robotics
2151,Reconfigurable Curved Beams for Selectable Swimming Gaits in an Underwater Robot.,2021,Mohammad Sharifzadeh & Yuhao Jiang & Daniel M. Aukes,journals/ral/SharifzadehJA21,https://doi.org/10.1109/LRA.2021.3063961,Robotics
2153,"Reconfigurable, Multi-Material, Voxel-Based Soft Robots.",2023,Julie Legrand & Seppe Terryn & Ellen Roels & Bram Vanderborght,journals/ral/LegrandTRV23,https://doi.org/10.1109/LRA.2023.3236883,Robotics
2159,Design and Motion Planning for a Reconfigurable Robotic Base.,2022,Johannes Pankert & Giorgio Valsecchi & Davide Baret & Jon Zehnder & Lukasz L. Pietrasik & Marko Bjelonic & Marco Hutter 0001,journals/ral/PankertVBZPBH22,https://doi.org/10.1109/LRA.2022.3189166,Robotics
2161,Enhancement of Force Exertion Capability of a Mobile Manipulator by Kinematic Reconfiguration.,2020,Hongjun Xing & Ali Torabi & Liang Ding 0001 & Haibo Gao & Zongquan Deng & Mahdi Tavakoli,journals/ral/XingTDGDT20,https://doi.org/10.1109/LRA.2020.3010218,Robotics
2182,Reconfigurable Shape Morphing With Origami-Inspired Pneumatic Blocks.,2022,Yunha Park & Joohyeon Kang & Youngjin Na,journals/ral/ParkKN22,https://doi.org/10.1109/LRA.2022.3191417,Robotics
2189,3D Electromagnetic Reconfiguration Enabled by Soft Continuum Robots.,2020,Lucia T. Gan & Laura H. Blumenschein & Zhe Huang 0010 & Allison M. Okamura & Elliot W. Hawkes & Jonathan A. Fan,journals/ral/GanBHOHF20,https://doi.org/10.1109/LRA.2020.2969922,Robotics
2195,Formation Reconfiguration Control With Collision Avoidance of Nonholonomic Mobile Robots.,2023,Seongchang Park & Seung-Mok Lee,journals/ral/ParkL23,https://doi.org/10.1109/LRA.2023.3324593,Robotics
2218,A Tip-Extending Soft Robot Enables Reconfigurable and Deployable Antennas.,2018,Laura H. Blumenschein & Lucia T. Gan & Jonathan A. Fan & Allison M. Okamura & Elliot Wright Hawkes,journals/ral/BlumenscheinGFO18,https://doi.org/10.1109/LRA.2018.2793303,Robotics
2242,Rotenna: Harnessing Seamless Integration of Continuum Robot for Dynamic Electromagnetic Reconfiguration.,2023,Feiyang Deng & Shilong Yao & Kwai-Man Luk,journals/ral/DengYL23,https://doi.org/10.1109/LRA.2023.3331287,Robotics
2249,Continuum Reconfigurable Parallel Robots for Surgery: Shape Sensing and State Estimation With Uncertainty.,2017,Patrick L. Anderson & Arthur W. Mahoney & Robert James Webster III,journals/ral/AndersonMW17,https://doi.org/10.1109/LRA.2017.2678606,Robotics
2276,A Soft Robotic Gripper With an Active Palm and Reconfigurable Fingers for Fully Dexterous In-Hand Manipulation.,2021,Amir Pagoli & Frédéric Chapelle & Juan Antonio Corrales & Youcef Mezouar & Yuri Lapusta,journals/ral/PagoliCCML21,https://doi.org/10.1109/LRA.2021.3098803,Robotics
2278,Reconfiguring Non-Convex Holes in Pivoting Modular Cube Robots.,2021,Daniel Feshbach & Cynthia Sung 0001,journals/ral/FeshbachS21,https://doi.org/10.1109/LRA.2021.3095030,Robotics
2280,Multi-Thread CTAEA-Based Workstation Reconfiguration for Multi-Stage Automobile Engine Flow Shop Considering Performance Deterioration.,2022,Miao Yang & Congbo Li & Wei Wu 0041 & You Zhang & Yongsheng Chang,journals/ral/YangLWZC22,https://doi.org/10.1109/LRA.2022.3184446,Robotics
2285,Single-Fingered Reconfigurable Robotic Gripper With a Folding Mechanism for Narrow Working Spaces.,2022,Toshihiro Nishimura & Tsubasa Muryoe & Yoshitatsu Asama & Hiroki Ikeuchi & Ryo Toshima & Tetsuyou Watanabe,journals/ral/NishimuraMAITW22,https://doi.org/10.1109/LRA.2022.3192653,Robotics
2293,An Origami-Inspired Reconfigurable Suction Gripper for Picking Objects With Variable Shape and Size.,2018,Zhenishbek Zhakypov & Florian Heremans & Aude Billard & Jamie Paik,journals/ral/ZhakypovHBP18,https://doi.org/10.1109/LRA.2018.2847403,Robotics
2304,Boosting source code suggestion with self-supervised Transformer Gated Highway.,2023,Yasir Hussain & Zhiqiu Huang & Yu Zhou 0010 & Senzhang Wang,journals/jss/HussainHZW23,https://doi.org/10.1016/j.jss.2022.111553,Suggested by Review
2305,An exploratory case study on reusing architecture decisions in software-intensive system projects.,2018,Christian Manteuffel & Paris Avgeriou & Roelof Hamberg,journals/jss/ManteuffelAH18,https://doi.org/10.1016/j.jss.2018.05.064,Suggested by Review
2306,Architecture evaluation in continuous development.,2022,S. Magnus Ågren & Eric Knauss & Rogardt Heldal & Patrizio Pelliccione & Anders Alminger & Magnus Antonsson & Thomas Karlkvist & Anders Lindeborg,journals/jss/AgrenKHPAAKL22,https://doi.org/10.1016/j.jss.2021.111111,Suggested by Review
2307,Self-supervised log parsing using semantic contribution difference.,2023,Siyu Yu & Ningjiang Chen & Yifan Wu & Wensheng Dou,journals/jss/YuCWD23,https://doi.org/10.1016/j.jss.2023.111646,Suggested by Review
2308,The vision of on-demand architectural knowledge systems as a decision-making companion.,2023,Maryam Razavian & Barbara Paech & Antony Tang,journals/jss/RazavianPT23,https://doi.org/10.1016/j.jss.2022.111560,Suggested by Review
2309,Semi-automatic architectural pattern identification and documentation using architectural primitives.,2015,Thomas Haitzer & Uwe Zdun,journals/jss/HaitzerZ15,https://doi.org/10.1016/j.jss.2014.12.042,Suggested by Review
2310,Hora: Architecture-aware online failure prediction.,2018,Teerat Pitakrat & Dusan Okanovic & André van Hoorn & Lars Grunske,journals/jss/PitakratOHG18,https://doi.org/10.1016/j.jss.2017.02.041,Suggested by Review
2311,MOO: An architectural framework for runtime optimization of multiple system objectives in embedded control software.,2013,Arjan J. de Roo & Hasan Sözer & Lodewijk Bergmans & Mehmet Aksit,journals/jss/RooSBA13,https://doi.org/10.1016/j.jss.2013.04.002,Suggested by Review
2312,Introduction to the special issue on state of the art in engineering self-adaptive systems.,2012,Danny Weyns & Sam Malek & Jesper Andersson & Bradley R. Schmerl,journals/jss/WeynsMAS12,https://doi.org/10.1016/j.jss.2012.07.045,Suggested by Review
2313,Real-time control architecture based on Xenomai using ROS packages for a service robot.,2019,Raimarius Delgado & Bum-Jae You & Byoung-Wook Choi,journals/jss/DelgadoYC19,https://doi.org/10.1016/j.jss.2019.01.052,Suggested by Review
2314,An empirical study on the co-occurrence between refactoring actions and Self-Admitted Technical Debt removal.,2021,Martina Iammarino & Fiorella Zampetti & Lerina Aversano & Massimiliano Di Penta,journals/jss/IammarinoZAP21,https://doi.org/10.1016/j.jss.2021.110976,Suggested by Review
2315,Best Papers from the 11th Working IEEE/IFIP Conference on Software Architecture (WICSA 2014 7th - 11th April 2014).,2016,John Klein & Antony Tang,journals/jss/KleinT16,https://doi.org/10.1016/j.jss.2015.11.022,Suggested by Review
2316,"A survey on feature drift adaptation: Definition, benchmark, challenges and future directions.",2017,Jean Paul Barddal & Heitor Murilo Gomes & Fabrício Enembreck & Bernhard Pfahringer,journals/jss/BarddalGEP17,https://doi.org/10.1016/j.jss.2016.07.005,Suggested by Review
2317,An effective and economical architecture for semantic-based heterogeneous multimedia big data retrieval.,2015,Kehua Guo & Wei Pan & Mingming Lu & Xiaoke Zhou & Jianhua Ma 0002,journals/jss/GuoPLZM15,https://doi.org/10.1016/j.jss.2014.09.016,Suggested by Review
2318,Software architecture evolution through evolvability analysis.,2012,Hongyu Pei Breivold & Ivica Crnkovic & Magnus Larsson,journals/jss/BreivoldCL12,https://doi.org/10.1016/j.jss.2012.05.085,Suggested by Review
2319,Introduction to the special issue on architecting autonomous and smart systems.,2019,Patrizio Pelliccione & Jan Bosch & Marija Mikic,journals/jss/PelliccioneBM19,https://doi.org/10.1016/j.jss.2019.01.024,Suggested by Review
2320,A systematic mapping study on text analysis techniques in software architecture.,2018,Tingting Bi & Peng Liang 0001 & Antony Tang & Chen Yang 0007,journals/jss/BiLTY18,https://doi.org/10.1016/j.jss.2018.07.055,Suggested by Review
2321,Novel approaches in the design and implementation of system/software architectures.,2012,Lawrence Chung & Manuel Noguera & Nary Subramanian & José Luis Garrido,journals/jss/ChungNSG12,https://doi.org/10.1016/j.jss.2011.11.1033,Suggested by Review
2322,An overview of Dynamic Software Product Line architectures and techniques: Observations from research and industry.,2014,Rafael Capilla & Jan Bosch & Pablo Trinidad & Antonio Ruiz Cortés & Mike Hinchey,journals/jss/CapillaBTCH14,https://doi.org/10.1016/j.jss.2013.12.038,Suggested by Review
2323,10 years of software architecture knowledge management: Practice and future.,2016,Rafael Capilla & Anton Jansen & Antony Tang & Paris Avgeriou & Muhammad Ali Babar 0001,journals/jss/CapillaJTAB16,https://doi.org/10.1016/j.jss.2015.08.054,Suggested by Review
2324,Formal analysis and verification of the PSTM architecture using CSP.,2020,Ailun Liu & Huibiao Zhu & Miroslav Popovic & Shuangqing Xiang & Lei Zhang,journals/jss/LiuZPXZ20,https://doi.org/10.1016/j.jss.2020.110559,Suggested by Review
2325,"Optimization of adaptation plans for a service-oriented architecture with cost, reliability, availability and performance tradeoff.",2013,Pasqualina Potena,journals/jss/Potena13,https://doi.org/10.1016/j.jss.2012.10.929,Suggested by Review
2326,Software architecture review by association.,2014,Antony Tang & Man Fai Lau,journals/jss/TangL14,https://doi.org/10.1016/j.jss.2013.09.044,Suggested by Review
2327,Investigating security threats in architectural context: Experimental evaluations of misuse case maps.,2015,Péter Kárpáti & Andreas L. Opdahl & Guttorm Sindre,journals/jss/KarpatiOS15,https://doi.org/10.1016/j.jss.2015.02.040,Suggested by Review
2328,Legacy systems to cloud migration: A review from the architectural perspective.,2023,Muhammad Hafiz Hasan & Mohd Hafeez Osman & Novia Indriaty Admodisastro & Muhamad Sufri Muhammad,journals/jss/HasanOAM23,https://doi.org/10.1016/j.jss.2023.111702,Suggested by Review
2329,Input-based adaptive randomized test case prioritization: A local beam search approach.,2015,Bo Jiang 0001 & Wing Kwong Chan,journals/jss/JiangC15,https://doi.org/10.1016/j.jss.2015.03.066,Suggested by Review
2330,How enterprise architecture improves the quality of IT investment decisions.,2019,Martin van den Berg & Raymond Slot & Marlies van Steenbergen & Peter Faasse & Hans van Vliet,journals/jss/BergSSFV19,https://doi.org/10.1016/j.jss.2019.02.053,Suggested by Review
2331,An empirical study of software architecture resilience evaluation methods.,2023,Jiaxin Pan 0004 & Zixuan Liu & Donglin Li & Lulu Wang 0001 & Bixin Li,journals/jss/PanLLWL23,https://doi.org/10.1016/j.jss.2023.111726,Suggested by Review
2332,A novel dynamic resource adjustment architecture for virtual tenant networks in SDN.,2018,Yi-Wei Ma & Jiann-Liang Chen & Chen-Chia Chang & Akihiro Nakao & Shu Yamamoto,journals/jss/MaCCNY18,https://doi.org/10.1016/j.jss.2018.04.033,Suggested by Review
2333,Towards supporting the software architecture life cycle.,2012,Rainer Weinreich & Georg Buchgeher,journals/jss/WeinreichB12,https://doi.org/10.1016/j.jss.2011.05.036,Suggested by Review
2334,Dynamic adaptation of service compositions with variability models.,2014,Germán H. Alférez & Vicente Pelechano & Raúl Mazo & Camille Salinesi & Daniel Diaz 0001,journals/jss/AlferezPMSD14,https://doi.org/10.1016/j.jss.2013.06.034,Suggested by Review
2335,Adaptive application offloading using distributed abstract class graphs in mobile environments.,2012,Ermyas Abebe & Caspar Ryan,journals/jss/AbebeR12,https://doi.org/10.1016/j.jss.2012.05.091,Suggested by Review
2336,An efficient spark-based adaptive windowing for entity matching.,2017,Demetrio Gomes Mestre & Carlos Eduardo Santos Pires & Dimas C. Nascimento & Andreza Raquel Monteiro de Queiroz & Veruska Borges Santos & Tiago Brasileiro Araújo,journals/jss/MestrePNQSA17,https://doi.org/10.1016/j.jss.2017.03.003,Suggested by Review
2337,SelfMotion: A declarative approach for adaptive service-oriented mobile applications.,2014,Gianpaolo Cugola & Carlo Ghezzi & Leandro Sales Pinto & Giordano Tamburrelli,journals/jss/CugolaGPT14,https://doi.org/10.1016/j.jss.2013.10.057,Suggested by Review
2338,AFChecker: Effective model checking for context-aware adaptive applications.,2013,Yepang Liu 0001 & Chang Xu 0001 & S. C. Cheung 0001,journals/jss/LiuXC13,https://doi.org/10.1016/j.jss.2012.11.055,Suggested by Review
2339,Monitoring self-adaptive applications within edge computing frameworks: A state-of-the-art review.,2018,Salman Taherizadeh & Andrew Jones 0003 & Ian J. Taylor & Zhiming Zhao & Vlado Stankovski,journals/jss/TaherizadehJTZS18,https://doi.org/10.1016/j.jss.2017.10.033,Suggested by Review
2340,SWFC-ART: A cost-effective approach for Fixed-Size-Candidate-Set Adaptive Random Testing through small world graphs.,2021,Muhammad Ashfaq & Rubing Huang & Dave Towey & Michael Omari & Dmitry A. Yashunin & Patrick Kwaku Kudjo & Tao Zhang 0001,journals/jss/AshfaqHTOYKZ21,https://doi.org/10.1016/j.jss.2021.111008,Suggested by Review
2341,A functional safety assessment method for cooperative automotive architecture.,2021,Sangeeth Kochanthara & Niels Rood & Arash Khabbaz Saberi & Loek Cleophas & Yanja Dajsuren & Mark van den Brand,journals/jss/KochantharaRSCD21,https://doi.org/10.1016/j.jss.2021.110991,Suggested by Review
2342,"Architecting complex, long-lived scientific software.",2023,Neil A. Ernst & John Klein & Marco Bartolini & Jeremy Coles & Nick Rees,journals/jss/ErnstKBCR23,https://doi.org/10.1016/j.jss.2023.111732,Suggested by Review
2343,Quantitative verification with adaptive uncertainty reduction.,2022,Naif Alasmari & Radu Calinescu & Colin Paterson & Raffaela Mirandola,journals/jss/AlasmariCPM22,https://doi.org/10.1016/j.jss.2022.111275,Suggested by Review
2344,A covert communication method via spreadsheets by secret sharing with a self-authentication capability.,2013,Che-Wei Lee & Wen-Hsiang Tsai,journals/jss/LeeT13,https://doi.org/10.1016/j.jss.2012.08.048,Suggested by Review
2345,CHAIN: Developing model-driven contextual help for adaptive user interfaces.,2018,Pierre A. Akiki,journals/jss/Akiki18,https://doi.org/10.1016/j.jss.2017.10.017,Suggested by Review
2346,A proposal of architecture for integration and uniform use of hybrid SQL/NoSQL database components.,2020,Srdja Bjeladinovic & Zoran Marjanovic & Sladjan Babarogic,journals/jss/BjeladinovicMB20,https://doi.org/10.1016/j.jss.2020.110633,Suggested by Review
2347,Self-adaptation in software-intensive cyber-physical systems: From system goals to architecture configurations.,2016,Ilias Gerostathopoulos & Tomás Bures & Petr Hnetynka & Jaroslav Keznikl & Michal Kit & Frantisek Plásil & Noël Plouzeau,journals/jss/Gerostathopoulos16,https://doi.org/10.1016/j.jss.2016.02.028,Suggested by Review
2348,Software engineering research on the Robot Operating System: A systematic mapping study.,2023,Michel Albonico & Milica Dordevic & Engel Hamer & Ivano Malavolta,journals/jss/AlbonicoDHM23,https://doi.org/10.1016/j.jss.2022.111574,Suggested by Review
2349,Adaptive robustness evaluation for complex system prognostics and health management software platform.,2023,He Liu & Cheng Wei & Bo Sun & Yinxue Zeng,journals/jss/LiuWSZ23,https://doi.org/10.1016/j.jss.2023.111768,Suggested by Review
2350,Architecture enforcement concerns and activities - An expert study.,2018,Sandra Schröder & Mohamed Soliman & Matthias Riebisch,journals/jss/SchroderSR18,https://doi.org/10.1016/j.jss.2018.08.025,Suggested by Review
2351,Adapting collections and arrays: Another step towards the automated adaptation of object ensembles.,2017,Dominic Seiffert & Oliver Hummel,journals/jss/SeiffertH17,https://doi.org/10.1016/j.jss.2016.10.002,Suggested by Review
2352,A speech-enabled virtual assistant for efficient human-robot interaction in industrial environments.,2023,Chen Li 0009 & Dimitrios Chrysostomou & Hongji Yang,journals/jss/LiCY23,https://doi.org/10.1016/j.jss.2023.111818,Suggested by Review
2353,Three decades of software reference architectures: A systematic mapping study.,2021,Lina Garcés & Silverio Martínez-Fernández & Lucas Oliveira & Pedro Henrique Dias Valle & Claudia P. Ayala & Xavier Franch & Elisa Yumi Nakagawa,journals/jss/GarcesMOVAFN21,https://doi.org/10.1016/j.jss.2021.111004,Suggested by Review
2354,Software architecture design in global software development: An empirical study.,2019,Outi Sievi-Korte & Ita Richardson & Sarah Beecham,journals/jss/Sievi-KorteRB19,https://doi.org/10.1016/j.jss.2019.110400,Suggested by Review
2355,"Continuously analyzing finite, message-driven, time-synchronous component & connector systems during architecture evolution.",2019,Arvid Butting & Oliver Kautz & Bernhard Rumpe & Andreas Wortmann 0001,journals/jss/ButtingKRW19,https://doi.org/10.1016/j.jss.2018.12.016,Suggested by Review
2356,A model view controller based Self-Adjusting Clustering Framework.,2014,Veerabhadra Rao Chandakanna & Valli Kumari Vatsavayi,journals/jss/ChandakannaV14,https://doi.org/10.1016/j.jss.2013.11.1112,Suggested by Review
2357,Cost-effective regression testing through Adaptive Test Prioritization strategies.,2016,Amanda Schwartz & Hyunsook Do,journals/jss/SchwartzD16,https://doi.org/10.1016/j.jss.2016.01.018,Suggested by Review
2358,ScapeGoat: Spotting abnormal resource usage in component-based reconfigurable software systems.,2016,Inti Y. Gonzalez-Herrera & Johann Bourcier & Erwan Daubert & Walter Rudametkin & Olivier Barais & François Fouquet & Jean-Marc Jézéquel & Benoit Baudry,journals/jss/Gonzalez-Herrera16,https://doi.org/10.1016/j.jss.2016.02.027,Suggested by Review
2359,An automated approach for noise identification to assist software architecture recovery techniques.,2015,Eleni Constantinou & George Kakarontzas & Ioannis Stamelos,journals/jss/ConstantinouKS15,https://doi.org/10.1016/j.jss.2015.05.065,Suggested by Review
2360,Multi-level agile project management challenges: A self-organizing team perspective.,2016,Rashina Hoda & Latha Karthigaa Murugesan,journals/jss/HodaM16,https://doi.org/10.1016/j.jss.2016.02.049,Suggested by Review
2361,Self-adaptive architecture evolution with model checking: A software cybernetics approach.,2017,Luxi Chen & Linpeng Huang & Chen Li 0009 & Xiwen Wu,journals/jss/ChenHLW17,https://doi.org/10.1016/j.jss.2016.03.010,Suggested by Review
2362,Empirical research for software architecture decision making: An analysis.,2019,Maryam Razavian & Barbara Paech & Antony Tang,journals/jss/RazavianPT19,https://doi.org/10.1016/j.jss.2018.12.003,Suggested by Review
2363,Adapting Behavior Driven Development (BDD) for large-scale software systems.,2021,Mohsin Irshad & Ricardo Britto 0001 & Kai Petersen,journals/jss/IrshadBP21,https://doi.org/10.1016/j.jss.2021.110944,Suggested by Review
2364,Reducing large adaptation spaces in self-adaptive systems using classical machine learning.,2022,Federico Quin & Danny Weyns & Omid Gheibi,journals/jss/QuinWG22,https://doi.org/10.1016/j.jss.2022.111341,Suggested by Review
2365,The Robot Operating System: Package reuse and community dynamics.,2019,Pablo Estefo & Jocelyn Simmonds & Romain Robbes & Johan Fabry,journals/jss/EstefoSRF19,https://doi.org/10.1016/j.jss.2019.02.024,Suggested by Review
2366,A systematic mapping study on architectural smells detection.,2021,Haris Mumtaz & Paramvir Singh & Kelly Blincoe,journals/jss/MumtazSB21,https://doi.org/10.1016/j.jss.2020.110885,Suggested by Review
2367,Augmenting ant colony optimization with adaptive random testing to cover prime paths.,2020,Atieh Monemi Bidgoli & Hassan Haghighi,journals/jss/BidgoliH20,https://doi.org/10.1016/j.jss.2019.110495,Suggested by Review
2368,On building a consistent framework for executable systems architecture.,2014,Imran Khan & Sajjad Haider 0001,journals/jss/KhanH14,https://doi.org/10.1016/j.jss.2014.08.049,Suggested by Review
2369,Hybrid address spaces: A methodology for implementing scalable high-level programming models on non-coherent many-core architectures.,2014,Anastasios Papagiannis & Dimitrios S. Nikolopoulos,journals/jss/PapagiannisN14,https://doi.org/10.1016/j.jss.2014.06.058,Suggested by Review
2370,Adaptive reversible data hiding based on block median preservation and modification of prediction errors.,2013,Hon Yin Leung & Lee-Ming Cheng & Fang Liu 0024 & Q. K. Fu,journals/jss/LeungCLF13,https://doi.org/10.1016/j.jss.2013.04.020,Suggested by Review
2371,Industrial architectural assessment using TARA.,2012,Eoin Woods,journals/jss/Woods12,https://doi.org/10.1016/j.jss.2012.04.055,Suggested by Review
2372,Improving self-adaptation planning through software architecture-based stochastic modeling.,2016,João Miguel Franco & Francisco Correia & Raul Barbosa & Mário Zenha Rela & Bradley R. Schmerl & David Garlan,journals/jss/FrancoCBRSG16,https://doi.org/10.1016/j.jss.2016.01.026,Suggested by Review
2373,Software sustainability: Research and practice from a software architecture viewpoint.,2018,Colin C. Venters & Rafael Capilla & Stefanie Betz & Birgit Penzenstadler & Tom Crick & Steve Crouch & Elisa Yumi Nakagawa & Christoph Becker 0001 & Carlos Carrillo 0001,journals/jss/VentersCBPCCNBC18,https://doi.org/10.1016/j.jss.2017.12.026,Suggested by Review
2374,Applying multiobjective evolutionary algorithms to dynamic software product lines for reconfiguring mobile applications.,2015,Gustavo G. Pascual & Roberto E. Lopez-Herrejon & Mónica Pinto & Lidia Fuentes & Alexander Egyed,journals/jss/PascualLPFE15,https://doi.org/10.1016/j.jss.2014.12.041,Suggested by Review
2375,Achieving resilience in distributed software systems via self-reconfiguration.,2016,Subhav Pradhan & Abhishek Dubey & Tihamer Levendovszky & Pranav Srinivas Kumar & William Emfinger & Daniel Balasubramanian & William Otte & Gabor Karsai,journals/jss/PradhanDLKEBOK16,https://doi.org/10.1016/j.jss.2016.05.038,Suggested by Review
2376,Exploring the REIT architecture for requirements elicitation interview training with robotic and virtual tutors.,2024,Binnur Görer & Fatma Basak Aydemir,journals/jss/GorerA24,https://doi.org/10.1016/j.jss.2024.112018,Suggested by Review
2377,SCGRU: A general approach for identifying multiple classes of self-admitted technical debt with text generation oversampling.,2023,Kuiyu Zhu & Ming Yin 0005 & Dan Zhu & Xiaogang Zhang & Cunzhi Gao & Jijiao Jiang,journals/jss/ZhuYZZGJ23,https://doi.org/10.1016/j.jss.2022.111514,Suggested by Review
2378,A QoS-aware self-correcting observation based load balancer.,2016,Veerabhadra Rao Chandakanna & Valli Kumari Vatsavayi,journals/jss/ChandakannaV16,https://doi.org/10.1016/j.jss.2016.01.042,Suggested by Review
2379,Few-shot code translation via task-adapted prompt learning.,2024,Xuan Li & Shuai Yuan & Xiaodong Gu 0002 & Yuting Chen & Beijun Shen,journals/jss/LiYGCS24,https://doi.org/10.1016/j.jss.2024.112002,Suggested by Review
2380,A feature-driven crossover operator for multi-objective and evolutionary optimization of product line architectures.,2016,Thelma Elita Colanzi & Silvia Regina Vergilio,journals/jss/ColanziV16,https://doi.org/10.1016/j.jss.2016.02.026,Suggested by Review
2381,A hybrid and learning agent architecture for network intrusion detection.,2017,Adriana Leite & Rosario Girardi,journals/jss/LeiteG17,https://doi.org/10.1016/j.jss.2017.01.028,Suggested by Review
2382,Towards an ideal service QoS in fuzzy logic-based adaptation planning middleware.,2014,Mounir Beggas & Lionel Médini & Frédérique Laforest & Mohamed Tayeb Laskri,journals/jss/BeggasMLL14,https://doi.org/10.1016/j.jss.2013.07.023,Suggested by Review
2383,Recovering software product line architecture of a family of object-oriented product variants.,2017,Anas Shatnawi & Abdelhak-Djamel Seriai & Houari A. Sahraoui,journals/jss/ShatnawiSS17,https://doi.org/10.1016/j.jss.2016.07.039,Suggested by Review
2384,Robust and reliable reconfiguration of cloud applications.,2016,Francisco Durán 0001 & Gwen Salaün,journals/jss/DuranS16,https://doi.org/10.1016/j.jss.2015.09.020,Suggested by Review
2385,Dynamic cloud service selection using an adaptive learning mechanism in multi-cloud computing.,2015,Xiaogang Wang & Jian Cao 0001 & Yang Xiang 0001,journals/jss/WangCX15,https://doi.org/10.1016/j.jss.2014.10.047,Suggested by Review
2386,Adaptive thermal-aware task scheduling for multi-core systems.,2015,Hsin-Hao Chu & Yu-Chon Kao & Ya-Shu Chen,journals/jss/ChuKC15,https://doi.org/10.1016/j.jss.2014.09.037,Suggested by Review
2387,An evaluation of multi-model self-managing control schemes for adaptive performance management of software systems.,2012,Tharindu Patikirikorala & Alan W. Colman & Jun Han 0004 & Liuping Wang,journals/jss/PatikirikoralaCHW12,https://doi.org/10.1016/j.jss.2012.05.077,Suggested by Review
2388,Architectural tactics for cyber-foraging: Results of a systematic literature review.,2015,Grace A. Lewis & Patricia Lago,journals/jss/LewisL15,https://doi.org/10.1016/j.jss.2015.06.005,Suggested by Review
2389,A systematic review of software architecture visualization techniques.,2014,Mojtaba Shahin & Peng Liang 0001 & Muhammad Ali Babar 0001,journals/jss/ShahinLB14,https://doi.org/10.1016/j.jss.2014.03.071,Suggested by Review
2390,Exploiting traceability uncertainty between software architectural models and extra-functional results.,2017,Catia Trubiani & Achraf Ghabi & Alexander Egyed,journals/jss/TrubianiGE17,https://doi.org/10.1016/j.jss.2016.11.032,Suggested by Review
2391,"Identifying architectural technical debt, principal, and interest in microservices: A multiple-case study.",2021,Saulo S. de Toledo & Antonio Martini & Dag I. K. Sjøberg,journals/jss/ToledoMS21,https://doi.org/10.1016/j.jss.2021.110968,Suggested by Review
2392,Architectural patterns for the design of federated learning systems.,2022,Sin Kit Lo & Qinghua Lu 0001 & Liming Zhu 0001 & Hye-Young Paik & Xiwei Xu 0001 & Chen Wang 0008,journals/jss/Lo00PX022,https://doi.org/10.1016/j.jss.2022.111357,Suggested by Review
2393,A mutual embedded self-attention network model for code search.,2023,Haize Hu & Jianxun Liu 0001 & Xiangping Zhang & Ben Cao & Siqiang Cheng & Teng Long,journals/jss/HuLZCCL23,https://doi.org/10.1016/j.jss.2022.111591,Suggested by Review
2394,RCDA: Architecting as a risk- and cost management discipline.,2012,Eltjo R. Poort & Hans van Vliet,journals/jss/PoortV12,https://doi.org/10.1016/j.jss.2012.03.071,Suggested by Review
2395,Architectural conformance checking for KDM-represented systems.,2022,André de S. Landi & Daniel San Martín & Bruno Marinho Santos & Warteruzannan Soyer Cunha & Rafael S. Durelli & Valter Vieira de Camargo,journals/jss/LandiMSCDC22,https://doi.org/10.1016/j.jss.2021.111116,Suggested by Review
2396,Enabling automated integration of architectural languages: An experience report from the automotive domain.,2022,Alessio Bucaioni & Matthias Becker 0004,journals/jss/BucaioniB22,https://doi.org/10.1016/j.jss.2021.111106,Suggested by Review
2397,Architecting with microservices: A systematic mapping study.,2019,Paolo Di Francesco & Patricia Lago & Ivano Malavolta,journals/jss/FrancescoLM19,https://doi.org/10.1016/j.jss.2019.01.001,Suggested by Review
2398,A software cybernetics approach to self-tuning performance of on-line transaction processing systems.,2017,Zuohua Ding & Zhijie Wei & Haibo Chen,journals/jss/DingWC17,https://doi.org/10.1016/j.jss.2016.03.012,Suggested by Review
2399,On the value of a prioritization scheme for resolving Self-admitted technical debt.,2018,Solomon Mensah & Jacky Keung & Jeffrey Svajlenko & Kwabena Ebo Bennin & Qing Mi,journals/jss/MensahKSBM18,https://doi.org/10.1016/j.jss.2017.09.026,Suggested by Review
2400,Architecture-based change impact analysis in cross-disciplinary automated production systems.,2018,Robert Heinrich & Sandro Koch & Suhyun Cha & Kiana Busch & Ralf H. Reussner & Birgit Vogel-Heuser,journals/jss/HeinrichKCBRV18,https://doi.org/10.1016/j.jss.2018.08.058,Suggested by Review
2401,Test data generation with a Kalman filter-based adaptive genetic algorithm.,2015,Aldeida Aleti & Lars Grunske,journals/jss/AletiG15,https://doi.org/10.1016/j.jss.2014.11.035,Suggested by Review
2402,Achieving dynamic adaptation via management and interpretation of runtime models.,2012,Mehdi Amoui & Mahdi Derakhshanmanesh & Jürgen Ebert & Ladan Tahvildari,journals/jss/AmouiDET12,https://doi.org/10.1016/j.jss.2012.05.033,Suggested by Review
2403,Variability in software architecture - State of the art.,2014,Matthias Galster & Paris Avgeriou & Tomi Männistö & Danny Weyns,journals/jss/GalsterAMW14,https://doi.org/10.1016/j.jss.2014.01.051,Suggested by Review
2404,Building and evaluating a theory of architectural technical debt in software-intensive systems.,2021,Roberto Verdecchia & Philippe Kruchten & Patricia Lago & Ivano Malavolta,journals/jss/VerdecchiaKLM21,https://doi.org/10.1016/j.jss.2021.110925,Suggested by Review
2405,Distributed architecture for developing mixed-criticality systems in multi-core platforms.,2017,Héctor Pérez 0001 & J. Javier Gutiérrez & Salva Peiró & Alfons Crespo,journals/jss/PerezGPC17,https://doi.org/10.1016/j.jss.2016.08.088,Suggested by Review
2406,Why and how is Scrum being adapted in practice: A systematic review.,2022,Michal Hron & Nikolaus Obwegeser,journals/jss/HronO22,https://doi.org/10.1016/j.jss.2021.111110,Suggested by Review
2407,Changing attitudes towards the generation of architectural models.,2012,Jaelson Castro & Márcia Lucena & Carla T. L. L. Silva & Fernanda M. R. Alencar & Emanuel Santos & João Pimentel 0001,journals/jss/CastroLSASP12,https://doi.org/10.1016/j.jss.2011.05.047,Suggested by Review
2408,An architecture for mission coordination of heterogeneous robots.,2022,Gabriel S. Rodrigues & Ricardo Caldas & Gabriel Araujo & Vicente de Moraes & Genaína Nunes Rodrigues & Patrizio Pelliccione,journals/jss/RodriguesCAMRP22,https://doi.org/10.1016/j.jss.2022.111363,Suggested by Review
2409,Efficient validation of self-adaptive applications by counterexample probability maximization.,2018,Wenhua Yang 0001 & Chang Xu 0001 & Minxue Pan & Chun Cao & Xiaoxing Ma & Jian Lu 0001,journals/jss/YangXPCML18,https://doi.org/10.1016/j.jss.2017.12.009,Suggested by Review
2410,Self-tuning of software systems through dynamic quality tradeoff and value-based feedback control loop.,2012,Xin Peng 0001 & Bihuan Chen 0001 & Yijun Yu & Wenyun Zhao,journals/jss/PengCYZ12,https://doi.org/10.1016/j.jss.2012.04.079,Suggested by Review
2411,"Special issue on ""Software architectures and systems for real time data stream analytics"".",2017,Theodora A. Varvarigou & Dimitrios Zissis & Konstantinos Tserpes,journals/jss/VarvarigouZT17,https://doi.org/10.1016/j.jss.2017.02.022,Suggested by Review
2412,Uncertainty handling in goal-driven self-optimization - Limiting the negative effect on adaptation.,2014,Bihuan Chen 0001 & Xin Peng 0001 & Yijun Yu & Wenyun Zhao,journals/jss/ChenPYZ14,https://doi.org/10.1016/j.jss.2013.12.033,Suggested by Review
2413,Test case prioritization for object-oriented software: An adaptive random sequence approach based on clustering.,2018,Jinfu Chen 0001 & Lili Zhu & Tsong Yueh Chen & Dave Towey & Fei-Ching Kuo & Rubing Huang & Yuchi Guo,journals/jss/ChenZCTKHG18,https://doi.org/10.1016/j.jss.2017.09.031,Suggested by Review
2414,Reconciling software architecture and source code in support of software evolution.,2017,Thomas Haitzer & Elena Navarro 0001 & Uwe Zdun,journals/jss/HaitzerNZ17,https://doi.org/10.1016/j.jss.2016.10.012,Suggested by Review
2415,Architecture-level hazard analysis using AADL.,2018,Xiaomin Wei & Yunwei Dong & Xue-Lin Li & W. Eric Wong,journals/jss/WeiDLW18,https://doi.org/10.1016/j.jss.2017.06.018,Suggested by Review
2416,Tuning self-adaptation in cyber-physical systems through architectural homeostasis.,2019,Ilias Gerostathopoulos & Dominik Skoda & Frantisek Plásil & Tomás Bures & Alessia Knauss,journals/jss/Gerostathopoulos19,https://doi.org/10.1016/j.jss.2018.10.051,Suggested by Review
2417,Characterizing architecture related posts and their usefulness in Stack Overflow.,2023,Musengamana Jean de Dieu & Peng Liang 0001 & Mojtaba Shahin & Arif Ali Khan,journals/jss/DieuLSK23,https://doi.org/10.1016/j.jss.2023.111608,Suggested by Review
2418,"A RAMCloud Storage System based on HDFS: Architecture, implementation and evaluation.",2013,Yifeng Luo & Siqiang Luo & Jihong Guan & Shuigeng Zhou,journals/jss/LuoLGZ13,https://doi.org/10.1016/j.jss.2012.11.025,Suggested by Review
2419,A separation-based UI architecture with a DSL for role specialization.,2015,Ivan Gibbs & Sergiu Dascalu & Frederick C. Harris Jr.,journals/jss/GibbsDH15,https://doi.org/10.1016/j.jss.2014.11.039,Suggested by Review
2420,Blackboard architecture to integrate components and agents in heterogeneous distributed eLearning systems: An application for learning to program.,2012,Francisco Jurado 0001 & Miguel A. Redondo & Manuel Ortega 0001,journals/jss/JuradoRO12,https://doi.org/10.1016/j.jss.2012.02.009,Suggested by Review
2421,Architectural support for software performance in continuous software engineering: A systematic mapping study.,2024,Romina Eramo & Michele Tucci 0001 & Daniele Di Pompeo & Vittorio Cortellessa & Antinisca Di Marco & Davide Taibi 0001,journals/jss/EramoTPCMT24,https://doi.org/10.1016/j.jss.2023.111833,Suggested by Review
2422,Adaptive distributed monitors of spatial properties for cyber-physical systems.,2021,Giorgio Audrito & Roberto Casadei & Ferruccio Damiani & Volker Stolz & Mirko Viroli,journals/jss/AudritoCDSV21,https://doi.org/10.1016/j.jss.2021.110908,Suggested by Review
2423,Decision architect - A decision documentation tool for industry.,2016,Christian Manteuffel & Dan Tofan & Paris Avgeriou & Heiko Koziolek & Thomas Goldschmidt,journals/jss/ManteuffelTAKG16,https://doi.org/10.1016/j.jss.2015.10.034,Suggested by Review
2424,Scalable complex event processing using adaptive load balancing.,2019,Mohammad Ali Fardbastani & Mohsen Sharifi,journals/jss/FardbastaniS19,https://doi.org/10.1016/j.jss.2018.12.012,Suggested by Review
2425,QoS and energy management with Petri nets: A self-adaptive framework.,2012,Diego Perez-Palacin & Raffaela Mirandola & José Merseguer,journals/jss/Perez-PalacinMM12,https://doi.org/10.1016/j.jss.2012.04.077,Suggested by Review
2426,Safe reconfiguration of Coqcots and Pycots components.,2016,Jérémy Buisson & Fabien Dagnat & Elena Leroux & Sébastien Martinez,journals/jss/BuissonDLM16,https://doi.org/10.1016/j.jss.2015.11.039,Suggested by Review
2427,Self-adaptation of service compositions through product line reconfiguration.,2018,Mahdi Bashari & Ebrahim Bagheri & Weichang Du,journals/jss/BashariBD18,https://doi.org/10.1016/j.jss.2018.05.069,Suggested by Review
2428,The Prevent-Model: Human and Organizational Factors Fostering Engineering of Safe and Secure Robotic Systems.,2023,Christina Glasauer,journals/jss/Glasauer23,https://doi.org/10.1016/j.jss.2022.111548,Suggested by Review
2429,ProDSPL: Proactive self-adaptation based on Dynamic Software Product Lines.,2021,Inmaculada Ayala & Alessandro V. Papadopoulos & Mercedes Amor & Lidia Fuentes,journals/jss/AyalaPAF21,https://doi.org/10.1016/j.jss.2021.110909,Suggested by Review
2430,To automatically map source code entities to architectural modules with Naive Bayes.,2022,Tobias Olsson & Morgan Ericsson & Anna Wingkvist,journals/jss/OlssonEW22,https://doi.org/10.1016/j.jss.2021.111095,Suggested by Review
2431,DelDroid: An automated approach for determination and enforcement of least-privilege architecture in android.,2019,Mahmoud Hammad & Hamid Bagheri & Sam Malek,journals/jss/HammadBM19,https://doi.org/10.1016/j.jss.2018.11.049,Suggested by Review
2432,MAS-ML 2.0: Supporting the modelling of multi-agent systems with different agent architectures.,2015,Enyo José Tavares Gonçalves & Mariela I. Cortés & Gustavo Augusto Lima de Campos & Yrleyjânder Salmito Lopes & Emmanuel Sávio Silva Freire & Viviane Torres da Silva & Kleinner Silva Farias de Oliveira & Marcos Antonio de Oliveira 0001,journals/jss/GoncalvesCCLFSO15,https://doi.org/10.1016/j.jss.2015.06.008,Suggested by Review
2433,SIT: Sampling-based interactive testing for self-adaptive apps.,2016,Yi Qin 0002 & Chang Xu 0001 & Ping Yu 0004 & Jian Lu 0001,journals/jss/QinX0L16,https://doi.org/10.1016/j.jss.2016.07.002,Suggested by Review
2434,Toward the automatic classification of Self-Affirmed Refactoring.,2021,Eman Abdullah AlOmar & Mohamed Wiem Mkaouer & Ali Ouni 0001,journals/jss/AlOmarMO21,https://doi.org/10.1016/j.jss.2020.110821,Suggested by Review
2435,L′OP-ART: A linear-time adaptive random testing algorithm for object-oriented programs.,2024,Jinfu Chen 0001 & Jingyi Chen & Lili Zhu & Chengying Mao & Qihao Bao & Rubing Huang,journals/jss/ChenCZMBH24,https://doi.org/10.1016/j.jss.2024.111970,Suggested by Review
2436,Scalable code clone detection and search based on adaptive prefix filtering.,2018,Manziba Akanda Nishi & Kostadin Damevski,journals/jss/NishiD18,https://doi.org/10.1016/j.jss.2017.11.039,Suggested by Review
2437,Adaptive generation of challenging scenarios for testing and evaluation of autonomous vehicles.,2018,Galen E. Mullins & Paul G. Stankiewicz & R. Chad Hawthorne & Satyandra K. Gupta,journals/jss/MullinsSHG18,https://doi.org/10.1016/j.jss.2017.10.031,Suggested by Review
2438,A systematic mapping study on the combination of software architecture and agile development.,2016,Chen Yang 0007 & Peng Liang 0001 & Paris Avgeriou,journals/jss/YangLA16,https://doi.org/10.1016/j.jss.2015.09.028,Suggested by Review
2439,Architecture-driven reliability optimization with uncertain model parameters.,2012,Indika Meedeniya & Aldeida Aleti & Lars Grunske,journals/jss/MeedeniyaAG12,https://doi.org/10.1016/j.jss.2012.04.056,Suggested by Review
2440,Collaborative prioritization of architectural concerns.,2012,Lars Pareto & Anna Börjesson Sandberg & Peter S. Eriksson & Staffan Ehnebom,journals/jss/ParetoSEE12,https://doi.org/10.1016/j.jss.2012.04.054,Suggested by Review
2441,Architectural tactics in software architecture: A systematic mapping study.,2023,Gastón Márquez & Hernán Astudillo & Rick Kazman,journals/jss/MarquezAK23,https://doi.org/10.1016/j.jss.2022.111558,Suggested by Review
2442,LAURA architecture: Towards a simpler way of building situation-aware and business-aware IoT applications.,2020,Sergio Teixeira & Bruno Alves Agrizzi & José Gonçalves Pereira Filho & Silvana Rossetto & Isaac Simões Araújo Pereira & Patricia Dockhorn Costa & Adriano Francisco Branco & Ruan Rocha Martinelli,journals/jss/TeixeiraAFRPCBM20,https://doi.org/10.1016/j.jss.2019.110494,Suggested by Review
2443,Controlling software architecture erosion: A survey.,2012,Lakshitha de Silva & Dharini Balasubramaniam,journals/jss/SilvaB12,https://doi.org/10.1016/j.jss.2011.07.036,Suggested by Review
2444,Quality-adaptive visual secret sharing by random grids.,2013,Tzung-Her Chen & Yao-Sheng Lee & Wei-Lun Huang & Justie Su-tzu Juan & Ying-Yu Chen & Ming-Jheng Li,journals/jss/ChenLHJCL13,https://doi.org/10.1016/j.jss.2012.12.022,Suggested by Review
2445,Software architectures for robotic systems: A systematic mapping study.,2016,Aakash Ahmad & Muhammad Ali Babar 0001,journals/jss/AhmadB16,https://doi.org/10.1016/j.jss.2016.08.039,Suggested by Review
2446,Quality-driven optimization of system architecture: Industrial case study on an automotive sub-system.,2013,Ramin Etemaadi & Kenneth Lind & Rogardt Heldal & Michel R. V. Chaudron,journals/jss/EtemaadiLHC13,https://doi.org/10.1016/j.jss.2013.05.109,Suggested by Review
2447,Automatic modelling and verification of Autosar architectures.,2023,Miaomiao Zhang & Yu Teng & Hui Kong 0007 & John W. Baugh Jr. & Yu Su & Junri Mi & Bowen Du 0002,journals/jss/ZhangTKBSMD23,https://doi.org/10.1016/j.jss.2023.111675,Suggested by Review
2448,Past and future of software architectures for context-aware systems: A systematic mapping study.,2018,Cristina Roda & Elena Navarro 0001 & Uwe Zdun & Víctor López-Jaquero & Georg Simhandl,journals/jss/RodaNZLS18,https://doi.org/10.1016/j.jss.2018.09.074,Suggested by Review
2449,Special issue: Selected papers from the 9th Working IEEE/IFIP Conference on Software Architecture (WICSA 2011).,2012,Patricia Lago & Rich Hilliard,journals/jss/LagoH12,https://doi.org/10.1016/j.jss.2012.05.002,Suggested by Review
2450,Designing and applying an approach to software architecting in agile projects in education.,2017,Samuil Angelov & Patrick de Beer,journals/jss/AngelovB17,https://doi.org/10.1016/j.jss.2017.01.029,Suggested by Review
2451,On the relationships between QoS and software adaptability at the architectural level.,2014,Diego Perez-Palacin & Raffaela Mirandola & José Merseguer,journals/jss/Perez-PalacinMM14,https://doi.org/10.1016/j.jss.2013.07.053,Suggested by Review
2452,Guilt-based handling of software performance antipatterns in palladio architectural models.,2014,Catia Trubiani & Anne Koziolek & Vittorio Cortellessa & Ralf H. Reussner,journals/jss/TrubianiKCR14,https://doi.org/10.1016/j.jss.2014.03.081,Suggested by Review
2453,Modularity and architecture of PLC-based software for automated production Systems: An analysis in industrial companies.,2017,Birgit Vogel-Heuser & Juliane Fischer & Stefan Feldmann & Sebastian Ulewicz & Susanne Rösch,journals/jss/Vogel-HeuserFFU17,https://doi.org/10.1016/j.jss.2017.05.051,Suggested by Review
2454,QoS prediction for dynamic reconfiguration of component based software systems.,2015,Wei Li 0005 & William W. Guo,journals/jss/LiG15,https://doi.org/10.1016/j.jss.2014.12.001,Suggested by Review
2455,Analytical architecture-based performability evaluation of real-time software systems.,2013,Faeze Eshragh & Mehdi Kargahi,journals/jss/EshraghK13,https://doi.org/10.1016/j.jss.2012.08.014,Suggested by Review
2456,Ontology driven bee's foraging approach based self adaptive online recommendation system.,2012,V. Mohanraj 0001 & M. Chandrasekaran 0001 & J. Senthilkumar & S. Arumugam & Y. Suresh,journals/jss/MohanrajCSAS12,https://doi.org/10.1016/j.jss.2011.12.018,Suggested by Review
2457,Automatic enforcement of constraints in real-time collaborative architectural decision making.,2015,Patrick Gaubatz & Ioanna Lytra & Uwe Zdun,journals/jss/GaubatzLZ15,https://doi.org/10.1016/j.jss.2015.01.056,Suggested by Review
2458,Generation and validation of traces between requirements and architecture based on formal trace semantics.,2014,Arda Goknil & Ivan Kurtev & Klaas van den Berg,journals/jss/GoknilKB14,https://doi.org/10.1016/j.jss.2013.10.006,Suggested by Review
2459,Semantics-based platform for context-aware and personalized robot interaction in the internet of robotic things.,2019,Christof Mahieu & Femke Ongenae & Femke De Backere & Pieter Bonte & Filip De Turck & Pieter Simoens,journals/jss/MahieuOBBTS19,https://doi.org/10.1016/j.jss.2018.11.022,Suggested by Review
2460,Decision making in software architecture.,2016,Hans van Vliet & Antony Tang,journals/jss/VlietT16,https://doi.org/10.1016/j.jss.2016.01.017,Suggested by Review
2461,Providentia: Using search-based heuristics to optimize satisficement and competing concerns between functional and non-functional objectives in self-adaptive systems.,2020,Kate M. Bowers & Erik M. Fredericks & Reihaneh H. Hariri & Betty H. C. Cheng,journals/jss/BowersFHC20,https://doi.org/10.1016/j.jss.2019.110497,Suggested by Review
2462,Conformance assessment of Architectural Design Decisions on API endpoint designs derived from domain models.,2022,Apitchaka Singjai & Uwe Zdun,journals/jss/SingjaiZ22,https://doi.org/10.1016/j.jss.2022.111433,Suggested by Review
2463,A sustainable-development approach for self-adaptive cyber-physical system's life cycle: A systematic mapping study.,2021,Luisa Fernanda Restrepo Gutierrez & José Aguilar 0001 & Mauricio Toro & Elizabeth Suescun,journals/jss/GutierrezATS21,https://doi.org/10.1016/j.jss.2021.111010,Suggested by Review
2464,CharM - Evaluating a model for characterizing service-based architectures.,2023,Thatiane de Oliveira Rosa & Eduardo Martins Guerra & Filipe Figueiredo Correia & Alfredo Goldman,journals/jss/RosaGCG23,https://doi.org/10.1016/j.jss.2023.111826,Suggested by Review
2465,Automated functional and robustness testing of microservice architectures.,2024,Luca Giamattei & Antonio Guerriero & Roberto Pietrantuono & Stefano Russo 0001,journals/jss/GiamatteiGPR24,https://doi.org/10.1016/j.jss.2023.111857,Suggested by Review
2466,Exploiting gated graph neural network for detecting and explaining self-admitted technical debts.,2022,Jiaojiao Yu 0001 & Kunsong Zhao & Jin Liu 0016 & Xiao Liu 0004 & Zhou Xu 0003 & Xin Wang 0114,journals/jss/YuZLLXW22,https://doi.org/10.1016/j.jss.2022.111219,Suggested by Review
2467,Empirical validation of cyber-foraging architectural tactics for surrogate provisioning.,2018,Fahimeh Alizadeh Moghaddam & Giuseppe Procaccianti & Grace A. Lewis & Patricia Lago,journals/jss/MoghaddamPLL18,https://doi.org/10.1016/j.jss.2017.11.047,Suggested by Review
2468,A domain-specific language for the control of self-adaptive component-based architecture.,2017,Frederico Alvares & Éric Rutten & Lionel Seinturier,journals/jss/AlvaresRS17,https://doi.org/10.1016/j.jss.2017.01.030,Suggested by Review
2469,A Systematic Mapping Study on Microservices Architecture in DevOps.,2020,Muhammad Waseem & Peng Liang 0001 & Mojtaba Shahin,journals/jss/Waseem0S20,https://doi.org/10.1016/j.jss.2020.110798,Suggested by Review
2470,Self-adaptive mobile web service discovery framework for Dynamic Mobile Environment.,2022,Salisu Garba & Radziah Mohamad & Nor Azizah Saadon,journals/jss/GarbaMS22,https://doi.org/10.1016/j.jss.2021.111120,Suggested by Review
2471,Adaptive co-scheduling for periodic application and update transactions in real-time database systems.,2012,Song Han 0002 & Kam-yiu Lam & Jiantao Wang & Sang Hyuk Son & Aloysius K. Mok,journals/jss/HanLWSM12,https://doi.org/10.1016/j.jss.2012.03.055,Suggested by Review
2472,Scaling up software architecture analysis.,2012,Rick Kazman & Michael Gagliardi & William Wood,journals/jss/KazmanGW12,https://doi.org/10.1016/j.jss.2011.03.050,Suggested by Review
2473,Architecture-based regulatory compliance argumentation.,2016,Boyan Mihaylov & Lucian Onea & Klaus Marius Hansen,journals/jss/MihaylovOH16,https://doi.org/10.1016/j.jss.2016.04.057,Suggested by Review
2474,From Teleo-Reactive specifications to architectural components: A model-driven approach.,2012,Pedro Sánchez-Palma & Diego Alonso & José Miguel Morales & Pedro Javier Navarro Lorente,journals/jss/SanchezAML12,https://doi.org/10.1016/j.jss.2012.05.067,Suggested by Review
2475,Building ubiquitous computing applications using the VERSAG adaptive agent framework.,2013,Kutila Gunasekera & Arkady B. Zaslavsky & Shonali Krishnaswamy & Seng Wai Loke,journals/jss/GunasekeraZKL13,https://doi.org/10.1016/j.jss.2012.09.026,Suggested by Review
2476,"Architecting ML-enabled systems: Challenges, best practices, and design decisions.",2024,Roger Nazir & Alessio Bucaioni & Patrizio Pelliccione,journals/jss/NazirBP24,https://doi.org/10.1016/j.jss.2023.111860,Suggested by Review
2477,Special issue on software architectures and systems for Big data.,2015,Kaushik Dutta,journals/jss/Dutta15,https://doi.org/10.1016/j.jss.2015.01.023,Suggested by Review
2478,Software runtime monitoring with adaptive sampling rate to collect representative samples of execution traces.,2023,Jhonny Mertz & Ingrid Nunes,journals/jss/MertzN23,https://doi.org/10.1016/j.jss.2023.111708,Suggested by Review
2479,Supporting semi-automatic co-evolution of architecture and fault tree models.,2018,Sinem Getir & Lars Grunske & André van Hoorn & Timo Kehrer & Yannic Noller & Matthias Tichy,journals/jss/GetirGHKNT18,https://doi.org/10.1016/j.jss.2018.04.001,Suggested by Review
2480,Scalability Assessment of Microservice Architecture Deployment Configurations: A Domain-based Approach Leveraging Operational Profiles and Load Tests.,2020,Alberto Avritzer & Vincenzo Ferme & Andrea Janes & Barbara Russo & André van Hoorn & Henning Schulz & Daniel S. Menasché & Vilc Queupe Rufino,journals/jss/AvritzerFJRHSMR20,https://doi.org/10.1016/j.jss.2020.110564,Suggested by Review
2481,Software architectural principles in contemporary mobile software: from conception to practice.,2016,Hamid Bagheri & Joshua Garcia & Alireza Sadeghi & Sam Malek & Nenad Medvidovic,journals/jss/BagheriGSMM16,https://doi.org/10.1016/j.jss.2016.05.039,Suggested by Review
2482,Architectural Design Space for Modelling and Simulation as a Service: A Review.,2020,Mojtaba Shahin & Muhammad Ali Babar 0001 & Muhammad Aufeef Chauhan,journals/jss/ShahinBC20,https://doi.org/10.1016/j.jss.2020.110752,Suggested by Review
2483,Self-tuning of disk input-output in operating systems.,2012,Antonino Santos & Juan Romero & Francisco Javier Taibo & Carlos Rodríguez & Adrián Carballal,journals/jss/SantosRTRC12,https://doi.org/10.1016/j.jss.2011.07.030,Suggested by Review
2484,EsArCost: Estimating repair costs of software architecture erosion using slice technology.,2024,Tong Wang & Bixin Li,journals/jss/WangL24,https://doi.org/10.1016/j.jss.2023.111875,Suggested by Review
2485,Graph-based root cause analysis for service-oriented and microservice architectures.,2020,Álvaro Brandón & Marc Solé & Alberto Huélamo & David Solans & María S. Pérez 0001 & Victor Muntés-Mulero,journals/jss/BrandonSHSPM20,https://doi.org/10.1016/j.jss.2019.110432,Suggested by Review
2486,Self-control of the time complexity of a constraint satisfaction problem solver program.,2012,Yönet A. Eracar & Mieczyslaw M. Kokar,journals/jss/EracarK12,https://doi.org/10.1016/j.jss.2012.05.060,Suggested by Review
2487,Aggregation for adaptive and energy-efficient MAC in wireless sensor networks.,2015,Abdulaziz Barnawi,journals/jss/Barnawi15,https://doi.org/10.1016/j.jss.2015.07.038,Suggested by Review
2488,A conceptual and architectural characterization of antifragile systems.,2024,Vincenzo Grassi & Raffaela Mirandola & Diego Perez-Palacin,journals/jss/GrassiMP24,https://doi.org/10.1016/j.jss.2024.112051,Suggested by Review
2489,Managing architectural technical debt: A unified model and systematic literature review.,2018,Terese Besker & Antonio Martini & Jan Bosch,journals/jss/BeskerMB18,https://doi.org/10.1016/j.jss.2017.09.025,Suggested by Review
2490,An adaptive model-free resource and power management approach for multi-tier cloud environments.,2012,Xiaoying Wang 0002 & Zhihui Du & Yinong Chen,journals/jss/WangDC12,https://doi.org/10.1016/j.jss.2011.12.043,Suggested by Review
2491,Architecting for a Sustainable Digital Society.,2023,Stefan Biffl & Elena Navarro 0001 & Raffaela Mirandola & Danny Weyns,journals/jss/BifflNMW23,https://doi.org/10.1016/j.jss.2023.111668,Suggested by Review
2492,Software Architecture and Artificial Intelligence.,2022,Ivano Malavolta & Henry Muccini & Ipek Ozkaya,journals/jss/MalavoltaMO22,https://doi.org/10.1016/j.jss.2022.111436,Suggested by Review
2493,A study on correlations between architectural smells and design patterns.,2021,Ilaria Pigazzini & Francesca Arcelli Fontana & Bartosz Walter,journals/jss/PigazziniFW21,https://doi.org/10.1016/j.jss.2021.110984,Suggested by Review
2494,A reference architecture for organizing the internal structure of metadata-based frameworks.,2013,Eduardo Martins Guerra & Felipe Alves & Uirá Kulesza & Clovis Torres Fernandes,journals/jss/GuerraAKF13,https://doi.org/10.1016/j.jss.2012.12.024,Suggested by Review
2495,Online model learning for self-aware computing infrastructures.,2019,Simon Spinner & Johannes Grohmann & Simon Eismann & Samuel Kounev,journals/jss/SpinnnerGEK19,https://doi.org/10.1016/j.jss.2018.09.089,Suggested by Review
2496,A novel approach for Software Architecture Product Line Engineering.,2022,Mohamed Lamine Kerdoudi & Tewfik Ziadi & Chouki Tibermacine & Salah Sadou,journals/jss/KerdoudiZTS22,https://doi.org/10.1016/j.jss.2021.111191,Suggested by Review
2497,MSL: A pattern language for engineering self-adaptive systems.,2020,Paolo Arcaini & Raffaela Mirandola & Elvinia Riccobene & Patrizia Scandurra,journals/jss/ArcainiMRS20,https://doi.org/10.1016/j.jss.2020.110558,Suggested by Review
2498,Sirius: A heuristic-based framework for measuring web usability adapted to the type of website.,2013,María del Carmen Suárez Torrente & Ana Belén Martínez Prieto & Darío Álvarez Gutiérrez & M. Elena Alva de Sagastegui,journals/jss/TorrentePGS13,https://doi.org/10.1016/j.jss.2012.10.049,Suggested by Review
2499,Coordinated actor model of self-adaptive track-based traffic control systems.,2018,Maryam Bagheri 0001 & Marjan Sirjani & Ehsan Khamespanah & Narges Khakpour & Ilge Akkaya & Ali Movaghar 0001 & Edward A. Lee,journals/jss/BagheriSKKAML18,https://doi.org/10.1016/j.jss.2018.05.034,Suggested by Review
2500,Estimating confidence interval of software reliability with adaptive testing strategy.,2014,Junpeng Lv & Bei-Bei Yin & Kai-Yuan Cai,journals/jss/LvYC14,https://doi.org/10.1016/j.jss.2014.08.004,Suggested by Review
2501,Preserving architectural styles in the search based design of software product line architectures.,2016,Thainá Mariani & Thelma Elita Colanzi & Silvia Regina Vergilio,journals/jss/MarianiCV16,https://doi.org/10.1016/j.jss.2016.01.039,Suggested by Review
2502,Stitch: A language for architecture-based self-adaptation.,2012,Shang-Wen Cheng & David Garlan,journals/jss/ChengG12,https://doi.org/10.1016/j.jss.2012.02.060,Suggested by Review
2503,ToscaMart: A method for adapting and reusing cloud applications.,2016,Jacopo Soldani & Tobias Binz & Uwe Breitenbücher & Frank Leymann & Antonio Brogi,journals/jss/SoldaniBBLB16,https://doi.org/10.1016/j.jss.2015.12.025,Suggested by Review
2504,Software architecture for quantum computing systems - A systematic review.,2023,Arif Ali Khan & Aakash Ahmad & Muhammad Waseem & Peng Liang 0001 & Mahdi Fahmideh & Tommi Mikkonen & Pekka Abrahamsson,journals/jss/KhanAWLFMA23,https://doi.org/10.1016/j.jss.2023.111682,Suggested by Review
2505,ExTrA: Explaining architectural design tradeoff spaces via dimensionality reduction.,2023,Javier Cámara & Rebekka Wohlrab & David Garlan & Bradley R. Schmerl,journals/jss/CamaraWGS23,https://doi.org/10.1016/j.jss.2022.111578,Suggested by Review
2506,Usage-based chunking of Software Architecture information to assist information finding.,2016,Moon Ting Su & John G. Hosking & John Grundy 0001 & Ewan D. Tempero,journals/jss/SuHGT16,https://doi.org/10.1016/j.jss.2016.09.009,Suggested by Review
2507,Adapting system execution traces to support analysis of software system performance properties.,2013,Manjula Peiris & James H. Hill,journals/jss/PeirisH13,https://doi.org/10.1016/j.jss.2013.06.060,Suggested by Review
2508,"Reference architecture, metamodel, and modeling principles for architectural knowledge management in information technology services.",2012,Olaf Zimmermann & Christoph Miksovic & Jochen Malte Küster,journals/jss/ZimmermannMK12,https://doi.org/10.1016/j.jss.2012.05.003,Suggested by Review
2509,Adapting agile practices in university contexts.,2018,Zainab Masood & Rashina Hoda & Kelly Blincoe,journals/jss/MasoodHB18,https://doi.org/10.1016/j.jss.2018.07.011,Suggested by Review
2510,Adam: Identifying defects in context-aware adaptation.,2012,Chang Xu 0001 & S. C. Cheung 0001 & Xiaoxing Ma & Chun Cao & Jian Lu 0001,journals/jss/XuCMCL12,https://doi.org/10.1016/j.jss.2012.04.078,Suggested by Review
2511,"Introduction to the special issue on ""New frontiers in software architecture"".",2017,Danny Weyns & Raffaela Mirandola & Ivica Crnkovic,journals/jss/WeynsMC17,https://doi.org/10.1016/j.jss.2017.02.005,Suggested by Review
2512,M3 - A hybrid measurement-modeling approach for CPU-bound applications on cross-platform architectures.,2019,Subhasri Duttagupta & Varsha Apte & Devidas Gawali,journals/jss/DuttaguptaAG19,https://doi.org/10.1016/j.jss.2019.07.001,Suggested by Review
2513,A systematic review on security and safety of self-adaptive systems.,2023,Irdin Pekaric & Raffaela Groner & Thomas Witte & Jubril Gbolahan Adigun & Alexander Raschke & Michael Felderer & Matthias Tichy,journals/jss/PekaricGWARFT23,https://doi.org/10.1016/j.jss.2023.111716,Suggested by Review
2514,Improving software performance and reliability in a distributed and concurrent environment with an architecture-based self-adaptive framework.,2016,Chung-Horng Lung & Xu Zhang & Pragash Rajeswaran,journals/jss/LungZR16,https://doi.org/10.1016/j.jss.2016.06.102,Suggested by Review
2515,Architecture for embedded open software ecosystems.,2014,Ulrik Eklund & Jan Bosch,journals/jss/EklundB14,https://doi.org/10.1016/j.jss.2014.01.009,Suggested by Review
2516,On Adaptive Change Recommendation.,2020,Leon Moonen & David W. Binkley & Sydney Pugh,journals/jss/MoonenBP20,https://doi.org/10.1016/j.jss.2020.110550,Suggested by Review
2517,A survey of self-admitted technical debt.,2019,Giancarlo Sierra & Emad Shihab & Yasutaka Kamei,journals/jss/SierraSK19,https://doi.org/10.1016/j.jss.2019.02.056,Suggested by Review
2518,IADA: A dynamic interference-aware cloud scheduling architecture for latency-sensitive workloads.,2022,Vinícius Meyer & Matheus L. da Silva & Dionatra F. Kirchoff & César A. F. De Rose,journals/jss/MeyerSKR22,https://doi.org/10.1016/j.jss.2022.111491,Suggested by Review
2519,Self-adaptive processing graph with operator fission for elastic stream processing.,2017,Nicolas Hidalgo & Daniel Wladdimiro & Erika Rosas,journals/jss/HidalgoCR17,https://doi.org/10.1016/j.jss.2016.06.010,Suggested by Review
2520,A search engine for finding and reusing architecturally significant code.,2017,Ibrahim Mujhid & Joanna C. S. Santos & Raghuram Gopalakrishnan & Mehdi Mirakhorli,journals/jss/MujhidSGM17,https://doi.org/10.1016/j.jss.2016.11.034,Suggested by Review
2521,Beyond ATAM: Early architecture evaluation method for large-scale distributed systems.,2013,Andrzej Zalewski & Szymon Kijas,journals/jss/ZalewskiK13,https://doi.org/10.1016/j.jss.2012.10.923,Suggested by Review
2522,Dynamic partitioned scheduling of real-time tasks on ARM big.LITTLE architectures.,2021,Agostino Mascitti & Tommaso Cucinotta & Mauro Marinoni & Luca Abeni,journals/jss/MascittiCMA21,https://doi.org/10.1016/j.jss.2020.110886,Suggested by Review
2523,Accurate modeling and efficient QoS analysis of scalable adaptive systems under bursty workload.,2017,Diego Perez-Palacin & Raffaela Mirandola & José Merseguer,journals/jss/Perez-PalacinMM17,https://doi.org/10.1016/j.jss.2017.05.022,Suggested by Review
2524,Analysing and modelling runtime architectural stability for self-adaptive software.,2017,Maria Salama & Rami Bahsoon,journals/jss/SalamaB17,https://doi.org/10.1016/j.jss.2017.07.041,Suggested by Review
2525,ASPLe: A methodology to develop self-adaptive software systems with systematic reuse.,2020,Nadeem Abbas & Jesper Andersson & Danny Weyns,journals/jss/AbbasAW20,https://doi.org/10.1016/j.jss.2020.110626,Suggested by Review
2526,Understanding the role of licenses and evolution in open architecture software ecosystems.,2012,Walt Scacchi & Thomas A. Alspaugh,journals/jss/ScacchiA12,https://doi.org/10.1016/j.jss.2012.03.033,Suggested by Review
2527,Revisiting the practices and pains of microservice architecture in reality: An industrial inquiry.,2023,Xin Zhou & Shanshan Li 0002 & Lingli Cao & He Zhang 0001 & Zijia Jia & Chenxing Zhong & Zhihao Shan & Muhammad Ali Babar 0001,journals/jss/ZhouLCZJZSB23,https://doi.org/10.1016/j.jss.2022.111521,Suggested by Review
2528,Implementation relations and probabilistic schedulers in the distributed test architecture.,2017,Robert M. Hierons & Manuel Núñez 0001,journals/jss/HieronsN17,https://doi.org/10.1016/j.jss.2017.03.011,Suggested by Review
2529,Technical debt and system architecture: The impact of coupling on defect-related activity.,2016,Alan MacCormack & Daniel J. Sturtevant,journals/jss/MacCormackS16,https://doi.org/10.1016/j.jss.2016.06.007,Suggested by Review
2530,Adaptive and reconfigurable software systems and architectures.,2016,Slim Kallel & Ismael Bouassida Rodriguez & Khalil Drira,journals/jss/KallelRD16,https://doi.org/10.1016/j.jss.2016.09.011,Suggested by Review
2531,Automatic optimisation of system architectures using EAST-ADL.,2013,Martin Walker & Mark-Oliver Reiser & Sara Tucci Piergiovanni & Yiannis Papadopoulos & Henrik Lönn & Chokri Mraidha & David Parker 0002 & De-Jiu Chen & David Servat,journals/jss/WalkerRPPLM0CS13,https://doi.org/10.1016/j.jss.2013.04.001,Suggested by Review
2532,Sustainability and longevity of systems and architectures.,2018,Elisa Yumi Nakagawa & Rafael Capilla & Eoin Woods & Philippe Kruchten,journals/jss/NakagawaCWK18,https://doi.org/10.1016/j.jss.2018.02.044,Suggested by Review
2533,A computer system architecture providing a user-friendly man machine interface for accessing assistive technology in cloud computing.,2015,Davide Mulfari & Antonio Celesti & Massimo Villari,journals/jss/MulfariCV15,https://doi.org/10.1016/j.jss.2014.10.035,Suggested by Review
2534,Self-adaptation of multi-agent systems in dynamic environments based on experience exchanges.,2016,Wenpin Jiao & Yanchun Sun,journals/jss/JiaoS16,https://doi.org/10.1016/j.jss.2016.09.025,Suggested by Review
2535,Explaining quality attribute tradeoffs in automated planning for self-adaptive systems.,2023,Rebekka Wohlrab & Javier Cámara & David Garlan & Bradley R. Schmerl,journals/jss/WohlrabCGS23,https://doi.org/10.1016/j.jss.2022.111538,Suggested by Review
2536,A development framework and methodology for self-adapting applications in ubiquitous computing environments.,2012,Svein O. Hallsteinsen & Kurt Geihs & Nearchos Paspallis & Frank Eliassen & Geir Horn & Jorge Lorenzo & Alessandro Mamelli & George Angelos Papadopoulos,journals/jss/HallsteinsenGPEHLMP12,https://doi.org/10.1016/j.jss.2012.07.052,Suggested by Review
2537,BASBA: A framework for Building Adaptable Service-Based Applications.,2021,Kavan Sedighiani & Saeed Shokrollahi & Fereidoon Shams,journals/jss/SedighianiSS21,https://doi.org/10.1016/j.jss.2021.110989,Suggested by Review
2538,A documentation framework for architecture decisions.,2012,Uwe van Heesch & Paris Avgeriou & Rich Hilliard,journals/jss/HeeschAH12,https://doi.org/10.1016/j.jss.2011.10.017,Suggested by Review
2539,A compositional approach to creating architecture frameworks with an application to distributed AI systems.,2023,Hans-Martin Heyn & Eric Knauss & Patrizio Pelliccione,journals/jss/HeynKP23,https://doi.org/10.1016/j.jss.2022.111604,Suggested by Review
2540,Adaptive Ensemble Undersampling-Boost: A novel learning framework for imbalanced data.,2017,Wei Lu 0026 & Zhe Li 0013 & Jinghui Chu,journals/jss/LuLC17,https://doi.org/10.1016/j.jss.2017.07.006,Suggested by Review
2541,A reliability model for Service Component Architectures.,2014,Raffaela Mirandola & Pasqualina Potena & Elvinia Riccobene & Patrizia Scandurra,journals/jss/MirandolaPRS14,https://doi.org/10.1016/j.jss.2013.11.002,Suggested by Review
2542,SAND: A fault-tolerant streaming architecture for network traffic analytics.,2016,Qin Liu & John C. S. Lui & Cheng He & Lujia Pan & Wei Fan 0001 & Yunlong Shi,journals/jss/LiuLHPFS16,https://doi.org/10.1016/j.jss.2015.07.049,Suggested by Review
2543,Unveiling Faulty User Sequences: A Model-Based Approach to Test Three-Tier Software Architectures.,2024,Leonardo Scommegna & Roberto Verdecchia & Enrico Vicario,journals/jss/ScommegnaVV24,https://doi.org/10.1016/j.jss.2024.112015,Suggested by Review
2544,ACCORDANT: A domain specific-model and DevOps approach for big data analytics architectures.,2021,Camilo Castellanos & Carlos A. Varela & Darío Correal,journals/jss/CastellanosVC21,https://doi.org/10.1016/j.jss.2020.110869,Suggested by Review
2545,An industrial case study on an architectural assumption documentation framework.,2017,Chen Yang 0007 & Peng Liang 0001 & Paris Avgeriou & Ulf Eliasson & Rogardt Heldal & Patrizio Pelliccione & Tingting Bi,journals/jss/YangLAEHPB17,https://doi.org/10.1016/j.jss.2017.09.007,Suggested by Review
2546,A Self-adaptive hierarchical monitoring mechanism for Clouds.,2012,Gregory Katsaros & George Kousiouris & Spyridon V. Gogouvitis & Dimosthenis Kyriazis & Andreas Menychtas & Theodora A. Varvarigou,journals/jss/KatsarosKGKMV12,https://doi.org/10.1016/j.jss.2011.11.1043,Suggested by Review
2547,Analysing monitoring and switching problems for adaptive systems.,2012,Mohammed Salifu & Yijun Yu & Arosha K. Bandara & Bashar Nuseibeh,journals/jss/SalifuYBN12,https://doi.org/10.1016/j.jss.2012.07.062,Suggested by Review
2548,Run-time evaluation of architectures: A case study of diversification in IoT.,2020,Dalia Sobhy & Leandro L. Minku & Rami Bahsoon & Tao Chen 0001 & Rick Kazman,journals/jss/SobhyMBCK20,https://doi.org/10.1016/j.jss.2019.110428,Suggested by Review
2549,Deployment and communication patterns in microservice architectures: A systematic literature review.,2021,Isil Karabey Aksakalli & Turgay Çelik 0002 & Ahmet Burak Can & Bedir Tekinerdogan,journals/jss/AksakalliCCT21,https://doi.org/10.1016/j.jss.2021.111014,Suggested by Review
2550,Are architectural smells independent from code smells? An empirical study.,2019,Francesca Arcelli Fontana & Valentina Lenarduzzi & Riccardo Roveda & Davide Taibi 0001,journals/jss/FontanaLRT19,https://doi.org/10.1016/j.jss.2019.04.066,Suggested by Review
2551,Mining Architecture Tactics and Quality Attributes knowledge in Stack Overflow.,2021,Tingting Bi & Peng Liang 0001 & Antony Tang & Xin Xia 0001,journals/jss/BiLTX21,https://doi.org/10.1016/j.jss.2021.111005,Suggested by Review
2552,AMon: A domain-specific language and framework for adaptive monitoring of Cyber-Physical Systems.,2023,Michael Vierhauser & Rebekka Wohlrab & Marco Stadler & Jane Cleland-Huang,journals/jss/VierhauserWSC23,https://doi.org/10.1016/j.jss.2022.111507,Suggested by Review
2553,Modeling and verification of Functional and Non-Functional Requirements of ambient Self-Adaptive Systems.,2015,Manzoor Ahmad & Nicolas Belloir & Jean-Michel Bruel,journals/jss/AhmadBB15,https://doi.org/10.1016/j.jss.2015.05.028,Suggested by Review
2554,Empirical research in software architecture - Perceptions of the community.,2023,Matthias Galster & Danny Weyns,journals/jss/GalsterW23,https://doi.org/10.1016/j.jss.2023.111684,Suggested by Review
2555,Adaptive metamorphic testing with contextual bandits.,2020,Helge Spieker & Arnaud Gotlieb,journals/jss/SpiekerG20,https://doi.org/10.1016/j.jss.2020.110574,Suggested by Review
2556,Capturing software architecture knowledge for pattern-driven design.,2020,Siamak Farshidi & Slinger Jansen & Jan Martijn E. M. van der Werf,journals/jss/FarshidiJW20,https://doi.org/10.1016/j.jss.2020.110714,Suggested by Review
2557,Supporting adaptation of decentralized software based on application scenarios.,2013,Wenpin Jiao & Yanchun Sun,journals/jss/JiaoS13,https://doi.org/10.1016/j.jss.2013.02.057,Suggested by Review
2558,A goal-oriented simulation approach for obtaining good private cloud-based system architectures.,2013,Lawrence Chung & Tom Hill & Owolabi Legunsen & Zhenzhou Sun & Adip Dsouza & Sam Supakkul,journals/jss/ChungHLSDS13,https://doi.org/10.1016/j.jss.2012.10.028,Suggested by Review
2559,"Architecture information communication in two OSS projects: The why, who, when, and what.",2021,Tingting Bi & Wei Ding & Peng Liang 0001 & Antony Tang,journals/jss/BiDLT21,https://doi.org/10.1016/j.jss.2021.111035,Suggested by Review
2560,Assessing industrial end-user programming of robotic production cells: A controlled experiment.,2023,Christoph Mayr-Dorn & Mario Winterer & Christian Salomon & Doris Hohensinger & Harald Fürschuss,journals/jss/Mayr-DornWSHF23,https://doi.org/10.1016/j.jss.2022.111547,Suggested by Review
2561,Adaptive reversible watermarking with improved embedding capacity.,2013,Qingqi Pei & Xiang Wang 0009 & Yuan Li & Hui Li,journals/jss/PeiWLL13,https://doi.org/10.1016/j.jss.2013.06.055,Suggested by Review
2562,3D architecture viewpoints on service automation.,2013,Qing Gu & Félix Cuadrado & Patricia Lago & Juan C. Dueñas,journals/jss/GuCLD13,https://doi.org/10.1016/j.jss.2012.12.035,Suggested by Review
2563,Quality optimisation of software architectures and design specifications.,2013,Lars Grunske & Aldeida Aleti,journals/jss/GrunskeA13,https://doi.org/10.1016/j.jss.2013.06.001,Suggested by Review
2564,"Generating reusable, searchable and executable ""architecture constraints as services"".",2017,Sahar Kallel & Bastien Tramoni & Chouki Tibermacine & Christophe Dony & Ahmed Hadj Kacem,journals/jss/KallelTTDK17,https://doi.org/10.1016/j.jss.2017.01.032,Suggested by Review
2565,Microservice architecture recovery based on intra-service and inter-service features.,2023,Lulu Wang 0001 & Peng Hu & Xianglong Kong & Wenjie Ouyang & Bixin Li & Haixin Xu & Tao Shao,journals/jss/WangHKOLXS23,https://doi.org/10.1016/j.jss.2023.111754,Suggested by Review
2566,A survey of software architectural change detection and categorization techniques.,2022,Amit Kumar Mondal & Kevin A. Schneider & Banani Roy & Chanchal K. Roy,journals/jss/MondalSRR22,https://doi.org/10.1016/j.jss.2022.111505,Suggested by Review
2567,A survey on software architectural assumptions.,2016,Chen Yang 0007 & Peng Liang 0001 & Paris Avgeriou,journals/jss/YangLA16a,https://doi.org/10.1016/j.jss.2015.12.016,Suggested by Review
2568,Using enterprise architecture and technology adoption models to predict application usage.,2012,Per Närman & Hannes Holm & David Höök & Nicholas Honeth & Pontus Johnson,journals/jss/NarmanHHHJ12,https://doi.org/10.1016/j.jss.2012.02.035,Suggested by Review
2569,Self-organizing multi-agent systems for the control of complex systems.,2017,Jérémy Boes & Frédéric Migeon,journals/jss/BoesM17,https://doi.org/10.1016/j.jss.2017.08.038,Suggested by Review
2570,Architectural reliability analysis of framework-intensive applications: A web service case study.,2014,M. Rahmani & Azad H. Azadmanesh & Harvey P. Siy,journals/jss/RahmaniAS14,https://doi.org/10.1016/j.jss.2014.03.070,Suggested by Review
2571,An empirical investigation on the competences and roles of practitioners in Microservices-based Architectures.,2024,Hamdy Michael Ayas & Regina Hebig & Philipp Leitner 0001,journals/jss/AyasHL24,https://doi.org/10.1016/j.jss.2024.112055,Suggested by Review
2572,Virtualized Web server cluster self-configuration to optimize resource and power use.,2013,André Felipe Almeida Monteiro & Marcus Vinicius Azevedo & Alexandre Sztajnberg,journals/jss/MonteiroAS13,https://doi.org/10.1016/j.jss.2013.06.033,Suggested by Review
2573,Architecture design evaluation of PaaS cloud applications using generated prototypes: PaaSArch Cloud Prototyper tool.,2020,David Gesvindr & Ondrej Gasior & Barbora Buhnova,journals/jss/GesvindrGB20,https://doi.org/10.1016/j.jss.2020.110701,Suggested by Review
2574,Architectural runtime models for integrating runtime observations and component-based models.,2020,Robert Heinrich,journals/jss/Heinrich20,https://doi.org/10.1016/j.jss.2020.110722,Suggested by Review
2575,Goal-driven adaptive monitoring of SOA systems.,2015,Marek Psiuk & Krzysztof Zielinski,journals/jss/PsiukZ15,https://doi.org/10.1016/j.jss.2015.08.015,Suggested by Review
2576,Architectural Tactics for Big Data Cybersecurity Analytics Systems: A Review.,2019,Faheem Ullah & Muhammad Ali Babar 0001,journals/jss/UllahB19,https://doi.org/10.1016/j.jss.2019.01.051,Suggested by Review
2577,New steganography algorithm to conceal a large amount of secret message using hybrid adaptive neural networks with modified adaptive genetic algorithm.,2013,Nameer N. El-Emam & Rasheed Abdul Shaheed Al-Zubidy,journals/jss/El-EmamA13,https://doi.org/10.1016/j.jss.2012.12.006,Suggested by Review
2578,The changing industry structure of software development for consumer electronics and its consequences for software architectures.,2012,Herman Hartmann & Tim Trew & Jan Bosch,journals/jss/HartmannTB12,https://doi.org/10.1016/j.jss.2011.08.007,Suggested by Review
2579,Incorporating architecture-based self-adaptation into an adaptive industrial software system.,2016,Javier Cámara & Pedro Correia & Rogério de Lemos & David Garlan & Pedro Gomes & Bradley R. Schmerl & Rafael Ventura,journals/jss/CamaraCLGGSV16,https://doi.org/10.1016/j.jss.2015.09.021,Suggested by Review
2580,S-IDE: A tool framework for optimizing deployment architecture of High Level Architecture based simulation systems.,2013,Turgay Çelik 0002 & Bedir Tekinerdogan,journals/jss/CelikT13,https://doi.org/10.1016/j.jss.2013.03.013,Suggested by Review
2581,Special issue on architecting for hyper connectivity and hyper virtualization.,2019,Bedir Tekinerdogan & Uwe Zdun & Muhammad Ali Babar 0001,journals/jss/TekinerdoganZB19,https://doi.org/10.1016/j.jss.2018.12.020,Suggested by Review
2582,"Evaluating REST architectures - Approach, tooling and guidelines.",2016,Bruno Costa 0003 & Paulo F. Pires & Flávia Coimbra Delicato & Paulo Merson,journals/jss/CostaPDM16,https://doi.org/10.1016/j.jss.2015.09.039,Suggested by Review
2583,Mining guidelines for architecting robotics software.,2021,Ivano Malavolta & Grace A. Lewis & Bradley R. Schmerl & Patricia Lago & David Garlan,journals/jss/MalavoltaLSLG21,https://doi.org/10.1016/j.jss.2021.110969,Suggested by Review
2584,ARRAY: Adaptive triple feature-weighted transfer Naive Bayes for cross-project defect prediction.,2023,Haonan Tong & Wei Lu 0010 & Weiwei Xing & Shihai Wang,journals/jss/TongLXW23,https://doi.org/10.1016/j.jss.2023.111721,Suggested by Review
2585,Modeling microservice architectures.,2024,Javier Esparza Peidro & Francesc D. Muñoz-Escoí & José M. Bernabéu-Aubán,journals/jss/PeidroMB24,https://doi.org/10.1016/j.jss.2024.112041,Suggested by Review
2586,Platform design space exploration using architecture decision viewpoints-A longitudinal study.,2017,Uwe van Heesch & Anton Jansen & Hongyu Pei Breivold & Paris Avgeriou & Christian Manteuffel,journals/jss/HeeschJBAM17,https://doi.org/10.1016/j.jss.2016.10.031,Suggested by Review
2587,Safety for mobile robotic systems: A systematic mapping study from a software engineering perspective.,2019,Darko Bozhinoski & Davide Di Ruscio & Ivano Malavolta & Patrizio Pelliccione & Ivica Crnkovic,journals/jss/BozhinoskiRMPC19,https://doi.org/10.1016/j.jss.2019.02.021,Suggested by Review
2589,Systematic object-invariant in-hand manipulation via reconfigurable underactuation: Introducing the RUTH gripper.,2021,Qiujie Lu & Nicholas Baron & Angus B. Clark & Nicolas Rojas 0002,journals/ijrr/LuBCR21,https://doi.org/10.1177/02783649211048929,Robotics
2597,Multi-agent plan reconfiguration under local LTL specifications.,2015,Meng Guo 0002 & Dimos V. Dimarogonas,journals/ijrr/GuoD15,https://doi.org/10.1177/0278364914546174,Robotics
2629,A reconfiguration strategy for modular robots using origami folding.,2019,Meibao Yao & Christoph H. Belke & Hutao Cui & Jamie Paik,journals/ijrr/YaoBCP19,https://doi.org/10.1177/0278364918815757,Robotics
2630,Two-dimensional magnetic micro-module reconfigurations based on inter-modular interactions.,2013,Shuhei Miyashita & Eric D. Diller & Metin Sitti,journals/ijrr/MiyashitaDS13,https://doi.org/10.1177/0278364913479837,Robotics
2638,A reconfigurable interactive interface for controlling robotic origami in virtual environments.,2018,Jian-Lin Huang & Zhenishbek Zhakypov & Harshal Arun Sonar & Jamie Paik,journals/ijrr/HuangZSP18,https://doi.org/10.1177/0278364918769157,Robotics
2640,Specification and automated validation of staged reconfiguration processes for dynamic software product lines.,2017,Malte Lochau & Johannes Bürdek & Stefan Hölzle & Andy Schürr,journals/sosym/LochauBHS17,https://doi.org/10.1007/s10270-015-0470-4,Suggested by Review
2641,Modeling and enforcing invariants of dynamic software architectures.,2012,Slim Kallel & Mohamed Hadj Kacem & Mohamed Jmaiel,journals/sosym/KallelKJ12,https://doi.org/10.1007/s10270-010-0162-z,Suggested by Review
2642,A generic LSTM neural network architecture to infer heterogeneous model transformations.,2022,Loli Burgueño & Jordi Cabot & Shuai Li & Sébastien Gérard,journals/sosym/BurguenoCLG22,https://doi.org/10.1007/s10270-021-00893-y,Suggested by Review
2643,Toward an execution system for self-healing workflows in cyber-physical systems.,2018,Ronny Seiger & Steffen Huber & Thomas Schlegel,journals/sosym/SeigerHS18,https://doi.org/10.1007/s10270-016-0551-z,Suggested by Review
2644,Applying design patterns in the search-based optimization of software product line architectures.,2019,Giovani Guizzo & Thelma Elita Colanzi & Silvia Regina Vergilio,journals/sosym/GuizzoCV19,https://doi.org/10.1007/s10270-017-0614-9,Suggested by Review
2645,Realizing strategic fit within the business architecture: the design of a Process-Goal Alignment modeling and analysis technique.,2019,Ben Roelens & Wout Steenacker & Geert Poels,journals/sosym/RoelensSP19,https://doi.org/10.1007/s10270-016-0574-5,Suggested by Review
2646,Hardware architecture exploration: automatic exploration of distributed automotive hardware architectures.,2020,Johannes Eder & Sebastian Voss & Andreas Bayha & Alexandru Ipatiov & Maged Khalil,journals/sosym/EderVBIK20,https://doi.org/10.1007/s10270-020-00786-6,Suggested by Review
2647,Ark: a constraint-based method for architectural synthesis of smart systems.,2020,Milena Guessi & Flávio Oquendo & Elisa Yumi Nakagawa,journals/sosym/GuessiON20,https://doi.org/10.1007/s10270-019-00764-7,Suggested by Review
2648,Toward a framework for self-adaptive workflows in cyber-physical systems.,2019,Ronny Seiger & Steffen Huber & Peter Heisig & Uwe Aßmann,journals/sosym/SeigerHHA19,https://doi.org/10.1007/s10270-017-0639-0,Suggested by Review
2649,Automatic data collection for enterprise architecture models.,2014,Hannes Holm & Markus Buschle & Robert Lagerström & Mathias Ekstedt,journals/sosym/HolmBLE14,https://doi.org/10.1007/s10270-012-0252-1,Suggested by Review
2650,Model-driven engineering for mobile robotic systems: a systematic mapping study.,2022,Giuseppina Lucia Casalaro & Giulio Cattivera & Federico Ciccozzi & Ivano Malavolta & Andreas Wortmann 0001 & Patrizio Pelliccione,journals/sosym/CasalaroCCMWP22,https://doi.org/10.1007/s10270-021-00908-8,Suggested by Review
2651,"Experience with model-based performance, reliability, and adaptability assessment of a complex industrial architecture.",2013,Daniel Dominguez Gouvêa & Cyro de A. Assis D. Muniz & Gilson A. Pinto & Alberto Avritzer & Rosa Maria Meri Leão & Edmundo de Souza e Silva & Morganna Carmem Diniz & Vittorio Cortellessa & Luca Berardinelli & Julius C. B. Leite & Daniel Mossé & Yuanfang Cai & Michael Dalton & Lucia Happe & Anne Koziolek,journals/sosym/GouveaMPALSDCBLMCDHK13,https://doi.org/10.1007/s10270-012-0264-x,Suggested by Review
2652,Reference architectures modelling and compliance checking.,2023,Alessio Bucaioni & Amleto Di Salle & Ludovico Iovino & Ivano Malavolta & Patrizio Pelliccione,journals/sosym/BucaioniSIMP23,https://doi.org/10.1007/s10270-022-01022-z,Suggested by Review
2653,Model-driven development of asynchronous message-driven architectures with AsyncAPI.,2022,Abel Gómez 0001 & Markel Iglesias-Urkia & Lorea Belategi & Xabier Mendialdua & Jordi Cabot,journals/sosym/GomezIBMC22,https://doi.org/10.1007/s10270-021-00945-3,Suggested by Review
2654,"Enhanced graph rewriting systems for complex software domains - Dynamic software architecture, non-functional requirements, and correctness by construction.",2016,Cédric Eichler & Thierry Monteil 0001 & Patricia Stolf & Luigi Alfredo Grieco & Khalil Drira,journals/sosym/EichlerMSGD16,https://doi.org/10.1007/s10270-014-0433-1,Suggested by Review
2655,Understanding MDE projects: megamodels to the rescue for architecture recovery.,2020,Juri Di Rocco & Davide Di Ruscio & Johannes Härtel & Ludovico Iovino & Ralf Lämmel & Alfonso Pierantonio,journals/sosym/RoccoRHILP20,https://doi.org/10.1007/s10270-019-00748-7,Suggested by Review
2656,The uncertainty interaction problem in self-adaptive systems.,2022,Javier Cámara & Javier Troya & Antonio Vallecillo & Nelly Bencomo & Radu Calinescu & Betty H. C. Cheng & David Garlan & Bradley R. Schmerl,journals/sosym/CamaraTVBCCGS22,https://doi.org/10.1007/s10270-022-01037-6,Suggested by Review
2657,A Model-based approach for the synthesis of software to firmware adapters for use with automatically generated components.,2018,Marco Di Natale & David Perillo & Francesco Chirico & Andrea Sindico & Alberto L. Sangiovanni-Vincentelli,journals/sosym/NatalePCSS18,https://doi.org/10.1007/s10270-016-0534-0,Suggested by Review
2658,Accelerating task completion in mobile offloading systems through adaptive restart.,2018,Qiushi Wang & Katinka Wolter,journals/sosym/WangW18,https://doi.org/10.1007/s10270-016-0531-3,Suggested by Review
2659,"Systematic literature review of the objectives, techniques, kinds, and architectures of models at runtime.",2016,Michael Szvetits & Uwe Zdun,journals/sosym/SzvetitsZ16,https://doi.org/10.1007/s10270-013-0394-9,Suggested by Review
2660,SOCAM: a service-oriented computing architecture modeling method.,2022,Paola Yuritzy Reyes-Delgado & Hector A. Duran-Limon & Manuel Mora & Laura C. Rodríguez-Martínez,journals/sosym/Reyes-DelgadoDM22,https://doi.org/10.1007/s10270-021-00946-2,Suggested by Review
2661,Extraction and evolution of architectural variability models in plugin-based systems.,2014,Mathieu Acher & Anthony Cleve & Philippe Collet & Philippe Merle & Laurence Duchien & Philippe Lahire,journals/sosym/AcherCCMDL14,https://doi.org/10.1007/s10270-013-0364-2,Suggested by Review
2662,Integrated model-driven development of self-adaptive user interfaces.,2020,Enes Yigitbas & Ivan Jovanovikj & Kai Biermeier & Stefan Sauer 0001 & Gregor Engels,journals/sosym/YigitbasJBSE20,https://doi.org/10.1007/s10270-020-00777-7,Suggested by Review
2663,Evolution styles: foundations and models for software architecture evolution.,2014,Jeffrey M. Barnes & David Garlan & Bradley R. Schmerl,journals/sosym/BarnesGS14,https://doi.org/10.1007/s10270-012-0301-9,Suggested by Review
2664,Verifying consistency of software product line architectures with product architectures.,2024,Hector A. Duran-Limon & Perla Velasco-Elizondo & Manuel Mora & Maria Elena Meda-Campaña & Karina Aguilar & Martha Hernández Ochoa & Leonardo Soto Sumuano,journals/sosym/DuranLimonVMMAOS24,https://doi.org/10.1007/s10270-023-01114-4,Suggested by Review
2665,A model-based architecture for interactive run-time monitoring.,2020,Nicolas Hili & Mojtaba Bagherzadeh & Karim Jahed & Juergen Dingel,journals/sosym/HiliBJD20,https://doi.org/10.1007/s10270-020-00780-y,Suggested by Review
2666,Building European software architecture community: how far have we come?,2013,Muhammad Ali Babar 0001 & Ian Gorton & Flávio Oquendo,journals/sosym/BabarGO13,https://doi.org/10.1007/s10270-013-0339-3,Suggested by Review
2667,Model-based resource analysis and synthesis of service-oriented automotive software architectures.,2021,Stefan Kugele & Philipp Obergfell & Eric Sax,journals/sosym/KugeleOS21,https://doi.org/10.1007/s10270-021-00896-9,Suggested by Review
2668,An enterprise architecture framework for multi-attribute information systems analysis.,2014,Per Närman & Markus Buschle & Mathias Ekstedt,journals/sosym/NarmanBE14,https://doi.org/10.1007/s10270-012-0288-2,Suggested by Review
2669,Modeling customer-centric value of system architecture investments.,2013,Ana Ivanovic & Pierre America & Chris Snijders 0001,journals/sosym/IvanovicAS13,https://doi.org/10.1007/s10270-012-0235-2,Suggested by Review
2670,A reference requirements set for public service provision enterprise architectures.,2014,Efthimios Tambouris & Eleni Kaliva & Michail Liaros & Konstantinos A. Tarabanis,journals/sosym/TambourisKLT14,https://doi.org/10.1007/s10270-012-0303-7,Suggested by Review
2671,A survey on the design space of end-user-oriented languages for specifying robotic missions.,2021,Swaib Dragule & Thorsten Berger & Claudio Menghi & Patrizio Pelliccione,journals/sosym/DraguleBMP21,https://doi.org/10.1007/s10270-020-00854-x,Suggested by Review
2672,Empirical study on the effectiveness and efficiency of model-driven architecture techniques.,2019,Shin-Shing Shin,journals/sosym/Shin19,https://doi.org/10.1007/s10270-018-00711-y,Suggested by Review
2673,Guided architecture trade space exploration: fusing model-based engineering and design by shopping.,2021,Sam Procter & Lutz Wrage,journals/sosym/ProcterW21,https://doi.org/10.1007/s10270-021-00889-8,Suggested by Review
2674,SQME: a framework for modeling and evaluation of software architecture quality attributes.,2019,Ali Sedaghatbaf & Mohammad Abdollahi Azgomi,journals/sosym/SedaghatbafA19,https://doi.org/10.1007/s10270-018-0684-3,Suggested by Review
2675,Model-based intelligent user interface adaptation: challenges and future directions.,2021,Silvia Abrahão & Emilio Insfrán & Arthur Sluÿters & Jean Vanderdonckt,journals/sosym/AbrahaoISV21,https://doi.org/10.1007/s10270-021-00909-7,Suggested by Review
2676,A situational method for semi-automated Enterprise Architecture Documentation.,2016,Matthias Farwick & Christian M. Schweda & Ruth Breu & Inge Hanschke,journals/sosym/FarwickSBH16,https://doi.org/10.1007/s10270-014-0407-3,Suggested by Review
2677,Model-driven design space exploration for multi-robot systems in simulation.,2023,James Harbin & Simos Gerasimou & Nicholas Drivalos Matragkas & Thanos Zolotas & Radu Calinescu & Misael Alpizar Santana,journals/sosym/HarbinGMZCS23,https://doi.org/10.1007/s10270-022-01041-w,Suggested by Review
2678,Toward live domain-specific languages - From text differencing to adapting models at run time.,2019,Riemer van Rozen & Tijs van der Storm,journals/sosym/RozenS19,https://doi.org/10.1007/s10270-017-0608-7,Suggested by Review
2679,Discovering architecture-aware and sound process models of multi-agent systems: a compositional approach.,2023,Roman Nesterov & Luca Bernardinello & Irina A. Lomazova & Lucia Pomello,journals/sosym/NesterovBLP23,https://doi.org/10.1007/s10270-022-01008-x,Suggested by Review
2680,A logical approach to systems engineering artifacts: semantic relationships and dependencies beyond traceability - from requirements to functional and architectural views.,2018,Manfred Broy,journals/sosym/Broy18,https://doi.org/10.1007/s10270-017-0619-4,Suggested by Review
2681,Implementation of a continuous delivery pipeline for enterprise architecture model evolution.,2021,Alex R. Sabau & Simon Hacks & Andreas Steffens,journals/sosym/SabauHS21,https://doi.org/10.1007/s10270-020-00828-z,Suggested by Review
2682,Online adaptation for autonomous unmanned systems driven by requirements satisfaction model.,2022,Yixing Luo & Yuan Zhou 0005 & Haiyan Zhao & Zhi Jin & Tianwei Zhang 0004 & Yang Liu 0003 & Danny Barthaud & Yijun Yu,journals/sosym/LuoZZJZLBY22,https://doi.org/10.1007/s10270-022-00981-7,Suggested by Review
2683,An integrated conceptual model for information system security risk management supported by enterprise architecture management.,2019,Nicolas Mayer & Jocelyn Aubert & Eric Grandry & Christophe Feltus & Elio Goettelmann & Roel J. Wieringa,journals/sosym/MayerAGFGW19,https://doi.org/10.1007/s10270-018-0661-x,Suggested by Review
2684,Formal reconfiguration model for cloud resources.,2023,Aida Lahouij & Lazhar Hamel & Mohamed Graiet,journals/sosym/LahouijHG23,https://doi.org/10.1007/s10270-022-00990-6,Suggested by Review
2685,Modeling event-based communication in component-based software architectures for performance predictions.,2014,Christoph Rathfelder & Benjamin Klatt & Kai Sachs & Samuel Kounev,journals/sosym/RathfelderKSK14,https://doi.org/10.1007/s10270-013-0316-x,Suggested by Review
2686,Extending enterprise architecture modeling languages for domain specificity and collaboration: application to telecommunication service design.,2014,Vanea Chiprianov & Yvon Kermarrec & Siegfried Rouvrais & Jacques Simonin,journals/sosym/ChiprianovKRS14,https://doi.org/10.1007/s10270-012-0298-0,Suggested by Review
2687,Transactional execution of hierarchical reconfigurations in cyber-physical systems.,2019,Christian Heinzemann & Steffen Becker 0001 & Andreas Volk,journals/sosym/HeinzemannBV19,https://doi.org/10.1007/s10270-017-0583-z,Suggested by Review
2688,Formalizing and verifying stochastic system architectures using Monterey Phoenix.,2016,Songzheng Song & Jiexin Zhang 0002 & Yang Liu 0003 & Mikhail Auguston & Jun Sun 0001 & Jin Song Dong & Tieming Chen,journals/sosym/SongZLASDC16,https://doi.org/10.1007/s10270-014-0411-7,Suggested by Review
2689,Introduction to the theme issue on models for quality of software architecture.,2014,Dorina C. Petriu & Jens Happe,journals/sosym/PetriuH14,https://doi.org/10.1007/s10270-013-0373-1,Suggested by Review
2690,Modeling foundations for executable model-based testing of self-healing cyber-physical systems.,2019,Tao Ma & Shaukat Ali 0001 & Tao Yue 0002,journals/sosym/MaAY19,https://doi.org/10.1007/s10270-018-00703-y,Suggested by Review
2691,Least privilege analysis in software architectures.,2013,Koen Buyens & Riccardo Scandariato & Wouter Joosen,journals/sosym/BuyensSJ13,https://doi.org/10.1007/s10270-011-0218-8,Suggested by Review
2692,"Synthesis and exploration of multi-level, multi-perspective architectures of automotive embedded systems.",2019,Jordan A. Ross & Alexandr Murashkin & Jia Hui Liang & Michal Antkiewicz & Krzysztof Czarnecki 0001,journals/sosym/RossMLAC19,https://doi.org/10.1007/s10270-017-0592-y,Suggested by Review
2693,Multi-objective exploration of architectural designs by composition of model transformations.,2019,Smail Rahmoun & Asma Mehiaoui-Hamitou & Etienne Borde & Laurent Pautet & Elie Soubiran,journals/sosym/RahmounMBPS19,https://doi.org/10.1007/s10270-017-0580-2,Suggested by Review
2694,Using structural decomposition and refinements for deep modeling of software architectures.,2019,Georg Hinkel,journals/sosym/Hinkel19,https://doi.org/10.1007/s10270-018-0701-6,Suggested by Review
2695,Change patterns - Co-evolving requirements and architecture.,2014,Koen Yskout & Riccardo Scandariato & Wouter Joosen,journals/sosym/YskoutSJ14,https://doi.org/10.1007/s10270-012-0276-6,Suggested by Review
2696,Analyzing the impact of human errors on interactive service robotic scenarios via formal verification.,2024,Livia Lestingi & Andrea Manglaviti & Davide Marinaro & Luca Marinello & Mehrnoosh Askarpour & Marcello M. Bersani & Matteo Rossi,journals/sosym/LestingiMMMABR24,https://doi.org/10.1007/s10270-023-01125-1,Suggested by Review
2697,IoT meets BPM: a bidirectional communication architecture for IoT-aware process execution.,2020,Stefan Schönig & Lars Ackermann & Stefan Jablonski & Andreas Ermer,journals/sosym/SchonigAJE20,https://doi.org/10.1007/s10270-020-00785-7,Suggested by Review
2698,Automated resolution of connector architectures using constraint solving (ARCAS method).,2014,Jaroslav Keznikl & Tomás Bures & Frantisek Plásil & Petr Hnetynka,journals/sosym/KezniklBPH14,https://doi.org/10.1007/s10270-012-0274-8,Suggested by Review
2699,A4WSN: an architecture-driven modelling platform for analysing and developing WSNs.,2019,Ivano Malavolta & Leonardo Mostarda & Henry Muccini & Enver Ever & Krishna Doddapaneni & Orhan Gemikonakli,journals/sosym/MalavoltaMMEDG19,https://doi.org/10.1007/s10270-018-0687-0,Suggested by Review
2700,Facilitating the migration to the microservice architecture via model-driven reverse engineering and reinforcement learning.,2022,Mohammad-Hadi Dehghani & Shekoufeh Kolahdouz Rahimi & Massimo Tisi & Dalila Tamzalit,journals/sosym/DehghaniRTT22,https://doi.org/10.1007/s10270-022-00977-3,Suggested by Review
2701,Adapting transformations to metamodel changes via external transformation composition.,2014,Kelly Garcés & Juan M. Vara & Frédéric Jouault & Esperanza Marcos,journals/sosym/GarcesVJM14,https://doi.org/10.1007/s10270-012-0297-1,Suggested by Review
2702,What can we learn from enterprise architecture models? An experiment comparing models and documents for capability development.,2018,Ulrik Franke & Mika Cohen & Johan Sigholm,journals/sosym/FrankeCS18,https://doi.org/10.1007/s10270-016-0535-z,Suggested by Review
2703,An architecture framework for enterprise IT service availability analysis.,2014,Ulrik Franke & Pontus Johnson & Johan König,journals/sosym/FrankeJK14,https://doi.org/10.1007/s10270-012-0307-3,Suggested by Review
2704,Specifying dynamic software system architectures.,2021,Bran Selic,journals/sosym/Selic21,https://doi.org/10.1007/s10270-021-00875-0,Suggested by Review
2705,RoboChart: modelling and verification of the functional behaviour of robotic applications.,2019,Alvaro Miyazawa & Pedro Ribeiro 0002 & Wei Li 0055 & Ana Cavalcanti 0001 & Jon Timmis & Jim Woodcock 0001,journals/sosym/MiyazawaRLCTW19,https://doi.org/10.1007/s10270-018-00710-z,Suggested by Review
2706,SAMM: an architecture modeling methodology for ship command and control systems.,2016,Zhiqiang Fan & Tao Yue 0002 & Li Zhang 0029,journals/sosym/FanYZ16,https://doi.org/10.1007/s10270-013-0393-x,Suggested by Review
2707,From enterprise architecture to business models and back.,2014,Maria-Eugenia Iacob & Lucas O. Meertens & Henk Jonkers & Dick A. C. Quartel & Lambert J. M. Nieuwenhuis & Marten van Sinderen,journals/sosym/IacobMJQNS14,https://doi.org/10.1007/s10270-012-0304-6,Suggested by Review
2708,A model for dynamic reconfiguration in service-oriented architectures.,2013,José Luiz Fiadeiro & Antónia Lopes,journals/sosym/FiadeiroL13,https://doi.org/10.1007/s10270-012-0236-1,Suggested by Review
2709,A model-driven approach to automate the propagation of changes among Architecture Description Languages.,2012,Romina Eramo & Ivano Malavolta & Henry Muccini & Patrizio Pelliccione & Alfonso Pierantonio,journals/sosym/EramoMMPP12,https://doi.org/10.1007/s10270-010-0170-z,Suggested by Review
2710,Generic Adaptive Scheduling for Efficient Context Inconsistency Detection.,2021,Huiyan Wang 0001 & Chang Xu 0001 & Bingying Guo & Xiaoxing Ma & Jian Lu 0001,journals/tse/WangXGML21,https://doi.org/10.1109/TSE.2019.2898976,Suggested by Review
2711,Detecting the Locations and Predicting the Maintenance Costs of Compound Architectural Debts.,2022,Lu Xiao 0001 & Yuanfang Cai & Rick Kazman & Ran Mo & Qiong Feng,journals/tse/XiaoCKMF22,https://doi.org/10.1109/TSE.2021.3102221,Suggested by Review
2712,Forecasting Architectural Decay From Evolutionary History.,2022,Joshua Garcia & Ehsan Kouroshfar & Negar Ghorbani & Sam Malek,journals/tse/GarciaKGM22,https://doi.org/10.1109/TSE.2021.3060068,Suggested by Review
2713,Mission Specification Patterns for Mobile Robots: Providing Support for Quantitative Properties.,2023,Claudio Menghi & Christos Tsigkanos & Mehrnoosh Askarpour & Patrizio Pelliccione & Gricel Vázquez & Radu Calinescu & Sergio García 0002,journals/tse/MenghiTAPVCG23,https://doi.org/10.1109/TSE.2022.3230059,Suggested by Review
2714,Evaluating the Impact of Possible Dependencies on Architecture-Level Maintainability.,2023,Wuxia Jin & Dinghong Zhong & Yuanfang Cai & Rick Kazman & Ting Liu 0002,journals/tse/JinZCKL23,https://doi.org/10.1109/TSE.2022.3171288,Suggested by Review
2715,Design Rule Spaces: A New Model for Representing and Analyzing Software Architecture.,2019,Yuanfang Cai & Lu Xiao 0001 & Rick Kazman & Ran Mo & Qiong Feng,journals/tse/CaiXKMF19,https://doi.org/10.1109/TSE.2018.2797899,Suggested by Review
2716,New Reliability-Driven Bounds for Architecture-Based Multi-Objective Testing Resource Allocation.,2023,Guofu Zhang & Lei Li & Zhaopin Su & Zhisheng Shao & Miqing Li & Bin Li 0025 & Xin Yao 0001,journals/tse/ZhangLSSLLY23,https://doi.org/10.1109/TSE.2022.3223875,Suggested by Review
2717,Evolution of the Unix System Architecture: An Exploratory Case Study.,2021,Diomidis Spinellis & Paris Avgeriou,journals/tse/SpinellisA21,https://doi.org/10.1109/TSE.2019.2892149,Suggested by Review
2718,Model-Based Self-Aware Performance and Resource Management Using the Descartes Modeling Language.,2017,Nikolaus Huber & Fabian Brosig & Simon Spinner & Samuel Kounev & Manuel Bähr,journals/tse/HuberBSKB17,https://doi.org/10.1109/TSE.2016.2613863,Suggested by Review
2719,"A Two-Component Language for Adaptation: Design, Semantics and Program Analysis.",2016,Pierpaolo Degano & Gian-Luigi Ferrari 0002 & Letterio Galletta,journals/tse/DeganoFG16,https://doi.org/10.1109/TSE.2015.2496941,Suggested by Review
2720,PerLa: A Language and Middleware Architecture for Data Management and Integration in Pervasive Information Systems.,2012,Fabio Alberto Schreiber & Romolo Camplani & Marco Fortunato & Marco Marelli & Guido Rota,journals/tse/SchreiberCFMR12,https://doi.org/10.1109/TSE.2011.25,Suggested by Review
2721,Characterizing and Mitigating Self-Admitted Technical Debt in Build Systems.,2022,Tao Xiao & Dong Wang & Shane McIntosh & Hideaki Hata & Raula Gaikovina Kula & Takashi Ishio & Kenichi Matsumoto,journals/tse/XiaoWMHKIM22,https://doi.org/10.1109/TSE.2021.3115772,Suggested by Review
2722,Mutable Protection Domains: Adapting System Fault Isolation for Reliability and Efficiency.,2012,Gabriel Parmer & Richard West,journals/tse/ParmerW12,https://doi.org/10.1109/TSE.2011.61,Suggested by Review
2723,Specification Patterns for Robotic Missions.,2021,Claudio Menghi & Christos Tsigkanos & Patrizio Pelliccione & Carlo Ghezzi & Thorsten Berger,journals/tse/MenghiTPGB21,https://doi.org/10.1109/TSE.2019.2945329,Suggested by Review
2724,The Impact of Code Review on Architectural Changes.,2021,Matheus Paixão & Jens Krinke & DongGyun Han & Chaiyong Ragkhitwetsagul & Mark Harman,journals/tse/PaixaoKHRH21,https://doi.org/10.1109/TSE.2019.2912113,Suggested by Review
2725,Mining Similar Methods for Test Adaptation.,2022,Devika Sondhi & Mayank Jobanputra & Divya Rani & Salil Purandare & Sakshi Sharma & Rahul Purandare,journals/tse/SondhiJRPSP22,https://doi.org/10.1109/TSE.2021.3057163,Suggested by Review
2726,Self-Adaptive and Online QoS Modeling for Cloud-Based Software Services.,2017,Tao Chen 0001 & Rami Bahsoon,journals/tse/ChenB17,https://doi.org/10.1109/TSE.2016.2608826,Suggested by Review
2727,Architecture-Based Reliability Prediction with the Palladio Component Model.,2012,Franz Brosch & Heiko Koziolek & Barbora Buhnova & Ralf H. Reussner,journals/tse/BroschKBR12,https://doi.org/10.1109/TSE.2011.94,Suggested by Review
2728,Self-Admitted Technical Debt in the Embedded Systems Industry: An Exploratory Case Study.,2023,Yikun Li & Mohamed Soliman & Paris Avgeriou & Lou Somers,journals/tse/LiSAS23,https://doi.org/10.1109/TSE.2022.3224378,Suggested by Review
2729,A Layered Reference Architecture for Metamodels to Tailor Quality Modeling and Analysis.,2021,Robert Heinrich & Misha Strittmatter & Ralf H. Reussner,journals/tse/HeinrichSR21,https://doi.org/10.1109/TSE.2019.2903797,Suggested by Review
2730,Testing with Fewer Resources: An Adaptive Approach to Performance-Aware Test Case Generation.,2021,Giovanni Grano & Christoph Laaber & Annibale Panichella & Sebastiano Panichella,journals/tse/GranoLPP21,https://doi.org/10.1109/TSE.2019.2946773,Suggested by Review
2731,Self-Organizing Roles on Agile Software Development Teams.,2013,Rashina Hoda & James Noble 0001 & Stuart Marshall,journals/tse/HodaNM13,https://doi.org/10.1109/TSE.2012.30,Suggested by Review
2732,On the Understandability of MLOps System Architectures.,2024,Stephen John Warnett & Uwe Zdun,journals/tse/WarnettZ24,https://doi.org/10.1109/TSE.2024.3367488,Suggested by Review
2733,What Do Programmers Discuss About Blockchain? A Case Study on the Use of Balanced LDA and the Reference Architecture of a Domain to Capture Online Discussions About Blockchain Platforms Across Stack Exchange Communities.,2021,Zhiyuan Wan & Xin Xia 0001 & Ahmed E. Hassan,journals/tse/WanXH21,https://doi.org/10.1109/TSE.2019.2921343,Suggested by Review
2734,Control-Theoretical Software Adaptation: A Systematic Literature Review.,2018,Stepan Shevtsov & Mihaly Berekmeri & Danny Weyns & Martina Maggio,journals/tse/ShevtsovBWM18,https://doi.org/10.1109/TSE.2017.2704579,Suggested by Review
2735,Topology-Specific Synthesis of Self-Stabilizing Parameterized Systems with Constant-Space Processes.,2021,Ali Ebnenasir & Alex P. Klinkhamer,journals/tse/EbnenasirK21,https://doi.org/10.1109/TSE.2019.2901485,Suggested by Review
2736,Self-Supervised Learning to Prove Equivalence Between Straight-Line Programs via Rewrite Rules.,2023,Steve Kommrusch & Martin Monperrus & Louis-Noël Pouchet,journals/tse/KommruschMP23,https://doi.org/10.1109/TSE.2023.3271065,Suggested by Review
2737,What Drives and Sustains Self-Assignment in Agile Teams.,2022,Zainab Masood & Rashina Hoda & Kelly Blincoe,journals/tse/MasoodHB22a,https://doi.org/10.1109/TSE.2021.3101732,Suggested by Review
2738,MOSES: A Framework for QoS Driven Runtime Adaptation of Service-Oriented Systems.,2012,Valeria Cardellini & Emiliano Casalicchio & Vincenzo Grassi & Stefano Iannucci & Francesco Lo Presti & Raffaela Mirandola,journals/tse/CardelliniCGIPM12,https://doi.org/10.1109/TSE.2011.68,Suggested by Review
2739,Architecture Anti-Patterns: Automatically Detectable Violations of Design Principles.,2021,Ran Mo & Yuanfang Cai & Rick Kazman & Lu Xiao 0001 & Qiong Feng,journals/tse/MoCKXF21,https://doi.org/10.1109/TSE.2019.2910856,Suggested by Review
2740,Tracking Buggy Files: New Efficient Adaptive Bug Localization Algorithm.,2022,Mikolaj Fejzer & Jakub Narebski & Piotr Przymus & Krzysztof Stencel,journals/tse/FejzerNPS22,https://doi.org/10.1109/TSE.2021.3064447,Suggested by Review
2741,Engineering Adaptive Model-Driven User Interfaces.,2016,Pierre A. Akiki & Arosha K. Bandara & Yijun Yu,journals/tse/AkikiBY16,https://doi.org/10.1109/TSE.2016.2553035,Suggested by Review
2742,A Decentralized Self-Adaptation Mechanism for Service-Based Applications in the Cloud.,2013,Vivek Nallur & Rami Bahsoon,journals/tse/NallurB13,https://doi.org/10.1109/TSE.2012.53,Suggested by Review
2743,"Proactive Self-Adaptation for Improving the Reliability of Mission-Critical, Embedded, and Mobile Software.",2013,Deshan Cooray & Ehsan Kouroshfar & Sam Malek & Roshanak Roshandel,journals/tse/CoorayKMR13,https://doi.org/10.1109/TSE.2013.36,Suggested by Review
2744,Evaluating the Effects of Architectural Documentation: A Case Study of a Large Scale Open Source Project.,2016,Rick Kazman & Dennis R. Goldenson & Ira Monarch & William Nichols & Giuseppe Valetto,journals/tse/KazmanGMNV16,https://doi.org/10.1109/TSE.2015.2465387,Suggested by Review
2745,PackerGrind: An Adaptive Unpacking System for Android Apps.,2022,Lei Xue 0001 & Hao Zhou & Xiapu Luo & Le Yu 0002 & Dinghao Wu & Yajin Zhou & Xiaobo Ma,journals/tse/XueZLYWZM22,https://doi.org/10.1109/TSE.2020.2996433,Suggested by Review
2746,Adaptation of Service Protocols Using Process Algebra and On-the-Fly Reduction Techniques.,2012,Radu Mateescu 0001 & Pascal Poizat & Gwen Salaün,journals/tse/MateescuPS12,https://doi.org/10.1109/TSE.2011.62,Suggested by Review
2747,An Extensible Framework for Improving a Distributed Software System's Deployment Architecture.,2012,Sam Malek & Nenad Medvidovic & Marija Mikic-Rakic,journals/tse/MalekMM12,https://doi.org/10.1109/TSE.2011.3,Suggested by Review
2748,Adaptive Multi-Objective Evolutionary Algorithms for Overtime Planning in Software Projects.,2017,Federica Sarro & Filomena Ferrucci & Mark Harman & Alessandra Manna & Jian Ren 0004,journals/tse/SarroFHMR17,https://doi.org/10.1109/TSE.2017.2650914,Suggested by Review
2749,A Learning-Based Framework for Engineering Feature-Oriented Self-Adaptive Software Systems.,2013,Naeem Esfahani & Ahmed M. Elkhodary & Sam Malek,journals/tse/EsfahaniEM13,https://doi.org/10.1109/TSE.2013.37,Suggested by Review
2750,Decomposition of Monolith Applications Into Microservices Architectures: A Systematic Review.,2023,Yalemisew M. Abgaz & Andrew McCarren & Peter Elger & David Solan & Neil Lapuz & Marin Bivol & Glenn Jackson & Murat Yilmaz 0001 & Jim Buckley & Paul M. Clarke,journals/tse/AbgazMESLBJYBC23,https://doi.org/10.1109/TSE.2023.3287297,Suggested by Review
2751,Toward Cost-Effective Adaptive Random Testing: An Approximate Nearest Neighbor Approach.,2024,Rubing Huang & Chenhui Cui & Junlong Lian & Dave Towey & Weifeng Sun & Haibo Chen 0005,journals/tse/HuangCLTSC24,https://doi.org/10.1109/TSE.2024.3379592,Suggested by Review
2752,"An Empirical Comparison of Combinatorial Testing, Random Testing and Adaptive Random Testing.",2020,Huayao Wu & Changhai Nie & Justyna Petke & Yue Jia 0001 & Mark Harman,journals/tse/WuNPJH20,https://doi.org/10.1109/TSE.2018.2852744,Suggested by Review
2753,Comparing Block-Based Programming Models for Two-Armed Robots.,2022,Nico Ritschel & Vladimir Kovalenko & Reid Holmes & Ronald Garcia & David C. Shepherd,journals/tse/RitschelKHGS22,https://doi.org/10.1109/TSE.2020.3027255,Suggested by Review
2754,Accurate and Scalable Cross-Architecture Cross-OS Binary Code Search with Emulation.,2019,Yinxing Xue & Zhengzi Xu & Mahinthan Chandramohan & Yang Liu 0003,journals/tse/XueXCL19,https://doi.org/10.1109/TSE.2018.2827379,Suggested by Review
2755,Automating Change-Level Self-Admitted Technical Debt Determination.,2019,Meng Yan 0001 & Xin Xia 0001 & Emad Shihab & David Lo 0001 & Jianwei Yin & Xiaohu Yang 0001,journals/tse/YanXSLYY19,https://doi.org/10.1109/TSE.2018.2831232,Suggested by Review
2756,Reducing Masking Effects in CombinatorialInteraction Testing: A Feedback DrivenAdaptive Approach.,2014,Cemal Yilmaz 0001 & Emine Dumlu & Myra B. Cohen & Adam A. Porter,journals/tse/YilmazDCP14,https://doi.org/10.1109/TSE.2013.53,Suggested by Review
2757,Software Architecture Optimization Methods: A Systematic Literature Review.,2013,Aldeida Aleti & Barbora Buhnova & Lars Grunske & Anne Koziolek & Indika Meedeniya,journals/tse/AletiBGKM13,https://doi.org/10.1109/TSE.2012.64,Suggested by Review
2758,Revisiting Knowledge-Based Inference of Python Runtime Environments: A Realistic and Adaptive Approach.,2024,Wei Cheng & Wei Hu 0007 & Xiaoxing Ma,journals/tse/ChengHM24,https://doi.org/10.1109/TSE.2023.3346474,Suggested by Review
2759,Mask-Mediator-Wrapper Architecture as a Data Mesh Driver.,2024,Juraj Doncevic & Kresimir Fertalj & Mario Brcic & Mihael Kovac,journals/tse/DoncevicFBK24,https://doi.org/10.1109/TSE.2024.3367126,Suggested by Review
2760,On the Relationship Between Organizational Structure Patterns and Architecture in Agile Teams.,2023,Damian A. Tamburri & Rick Kazman & Hamed Fahimi,journals/tse/TamburriKF23,https://doi.org/10.1109/TSE.2022.3150415,Suggested by Review
2761,Measuring the Impact of Code Dependencies on Software Architecture Recovery Techniques.,2018,Thibaud Lutellier & Devin Chollak & Joshua Garcia & Lin Tan 0001 & Derek Rayside & Nenad Medvidovic & Robert Kroeger,journals/tse/LutellierCGTRMK18,https://doi.org/10.1109/TSE.2017.2671865,Suggested by Review
2762,Let's Go to the Whiteboard (Again): Perceptions From Software Architects on Whiteboard Architecture Meetings.,2023,Eduardo Santana de Almeida & Iftekhar Ahmed 0001 & André van der Hoek,journals/tse/AlmeidaAH23,https://doi.org/10.1109/TSE.2023.3314410,Suggested by Review
2763,On the Asymptotic Behavior of Adaptive Testing Strategy for Software Reliability Assessment.,2014,Junpeng Lv & Bei-Bei Yin & Kai-Yuan Cai,journals/tse/LvYC14,https://doi.org/10.1109/TSE.2014.2310194,Suggested by Review
2764,Quantitative Evaluation of Model-Driven Performance Analysis and Simulation of Component-Based Architectures.,2015,Fabian Brosig & Philipp Meier & Steffen Becker 0001 & Anne Koziolek & Heiko Koziolek & Samuel Kounev,journals/tse/BrosigMBKKK15,https://doi.org/10.1109/TSE.2014.2362755,Suggested by Review
2765,A Model-Integrated Approach to Designing Self-Protecting Systems.,2020,Stefano Iannucci & Sherif Abdelwahed & Andrea Montemaggio & Melissa Hannis & Leslie Leonard & Jason S. King & John Hamilton,journals/tse/IannucciAMHLKH20,https://doi.org/10.1109/TSE.2018.2880218,Suggested by Review
2766,Behavior Trees and State Machines in Robotics Applications.,2023,Razan Ghzouli & Thorsten Berger & Einar Broch Johnsen & Andrzej Wasowski & Swaib Dragule,journals/tse/GhzouliBJWD23,https://doi.org/10.1109/TSE.2023.3269081,Suggested by Review
2767,Self-Management of Adaptable Component-Based Applications.,2013,Liliana Rosa & Luís E. T. Rodrigues & Antónia Lopes & Matti A. Hiltunen & Richard D. Schlichting,journals/tse/RosaRLHS13,https://doi.org/10.1109/TSE.2012.29,Suggested by Review
2768,Dynamic and Automatic Feedback-Based Threshold Adaptation for Code Smell Detection.,2016,Hui Liu 0003 & Qiurong Liu & Zhendong Niu & Yang Liu,journals/tse/LiuLNL16,https://doi.org/10.1109/TSE.2015.2503740,Suggested by Review
2769,Self-Adapting Reliability in Distributed Software Systems.,2015,Yuriy Brun & Jae Young Bang & George Edwards & Nenad Medvidovic,journals/tse/BrunBEM15,https://doi.org/10.1109/TSE.2015.2412134,Suggested by Review
2770,Self-Admitted Technical Debt in Ethereum Smart Contracts: A Large-Scale Exploratory Study.,2023,Amir Mohammad Ebrahimi & Gustavo Ansaldi Oliva & Ahmed E. Hassan,journals/tse/EbrahimiOH23,https://doi.org/10.1109/TSE.2023.3289808,Suggested by Review
2771,"Erratum to ""Accurate and Scalable Cross-Architecture Cross-OS Binary Code Search With Emulation"".",2021,Yinxing Xue & Zhengzi Xu & Mahinthan Chandramohan & Yang Liu 0003,journals/tse/XueXCL21,https://doi.org/10.1109/TSE.2021.3069529,Suggested by Review
2772,Testing Self-Adaptive Software With Probabilistic Guarantees on Performance Metrics: Extended and Comparative Results.,2022,Claudio Mandrioli & Martina Maggio,journals/tse/MandrioliM22,https://doi.org/10.1109/TSE.2021.3101130,Suggested by Review
2773,An Ontology-Based Product Architecture Derivation Approach.,2015,Hector A. Duran-Limon & Carlos A. Garcia-Rios & Francisco Edgar Castillo-Barrera & Rafael Capilla,journals/tse/Duran-LimonGCC15,https://doi.org/10.1109/TSE.2015.2449854,Suggested by Review
2774,"Detecting, Tracing, and Monitoring Architectural Tactics in Code.",2016,Mehdi Mirakhorli & Jane Cleland-Huang,journals/tse/MirakhorliC16,https://doi.org/10.1109/TSE.2015.2479217,Suggested by Review
2775,Identifying Self-Admitted Technical Debts With Jitterbug: A Two-Step Approach.,2022,Zhe Yu 0002 & Fahmid Morshed Fahid & Huy Tu & Tim Menzies,journals/tse/YuFTM22,https://doi.org/10.1109/TSE.2020.3031401,Suggested by Review
2776,Finding Substitutable Binary Code By Synthesizing Adapters.,2021,Vaibhav Sharma 0001 & Kesha Hietala & Stephen McCamant,journals/tse/SharmaHM21,https://doi.org/10.1109/TSE.2019.2931000,Suggested by Review
2777,On the Usefulness of Automatically Generated Microservice Architectures.,2024,Luiz Carvalho & Thelma Elita Colanzi & Wesley K. G. Assunção & Alessandro F. Garcia 0001 & Juliana Alves Pereira & Marcos Kalinowski & Rafael Maiani de Mello & Maria Julia de Lima & Carlos Lucena,journals/tse/CarvalhoCAGPKMLL24,https://doi.org/10.1109/TSE.2024.3361209,Suggested by Review
2778,Supporting Self-Adaptation via Quantitative Verification and Sensitivity Analysis at Run Time.,2016,Antonio Filieri & Giordano Tamburrelli & Carlo Ghezzi,journals/tse/FilieriTG16,https://doi.org/10.1109/TSE.2015.2421318,Suggested by Review
2779,QoS Assurance for Dynamic Reconfiguration of Component-Based Software Systems.,2012,Wei Li 0005,journals/tse/Li12,https://doi.org/10.1109/TSE.2011.37,Suggested by Review
2780,"Optimization of Software Release Planning Considering Architectural Dependencies, Cost, and Value.",2022,Raghvinder S. Sangwan & Ashkan Negahban & Robert L. Nord & Ipek Ozkaya,journals/tse/SangwanNNO22,https://doi.org/10.1109/TSE.2020.3020013,Suggested by Review
2781,Engineering Trustworthy Self-Adaptive Software with Dynamic Assurance Cases.,2018,Radu Calinescu & Danny Weyns & Simos Gerasimou & Muhammad Usman Iftikhar & Ibrahim Habli & Tim Kelly,journals/tse/CalinescuWGIHK18,https://doi.org/10.1109/TSE.2017.2738640,Suggested by Review
2782,"Adaptive Test Case Allocation, Selection and Generation Using Coverage Spectrum and Operational Profile.",2021,Antonia Bertolino & Breno Miranda & Roberto Pietrantuono & Stefano Russo 0001,journals/tse/BertolinoMPR21,https://doi.org/10.1109/TSE.2019.2906187,Suggested by Review
2783,Exploring the Relationship between Software Process Adaptive Capability and Organisational Performance.,2015,Paul M. Clarke & Rory V. O'Connor & Brian Leavy & Murat Yilmaz 0001,journals/tse/ClarkeOLY15,https://doi.org/10.1109/TSE.2015.2467388,Suggested by Review
2784,A Survey on Adaptive Random Testing.,2021,Rubing Huang & Weifeng Sun & Yinyin Xu & Haibo Chen 0005 & Dave Towey & Xin Xia 0001,journals/tse/HuangSXCTX21,https://doi.org/10.1109/TSE.2019.2942921,Suggested by Review
2785,Using Traceability Links to Recommend Adaptive Changes for Documentation Evolution.,2014,Barthélémy Dagenais & Martin P. Robillard,journals/tse/DagenaisR14,https://doi.org/10.1109/TSE.2014.2347969,Suggested by Review
2786,An Architectural Technical Debt Index Based on Machine Learning and Architectural Smells.,2023,Darius Sas & Paris Avgeriou,journals/tse/SasA23,https://doi.org/10.1109/TSE.2023.3286179,Suggested by Review
2787,Incomplete Adaptive Distinguishing Sequences for Non-Deterministic FSMs.,2023,Uraz Cengiz Türker & Robert M. Hierons & Gerassimos D. Barlas & Khaled El-Fakih,journals/tse/TurkerHBE23,https://doi.org/10.1109/TSE.2023.3291137,Suggested by Review
2788,What Industry Needs from Architectural Languages: A Survey.,2013,Ivano Malavolta & Patricia Lago & Henry Muccini & Patrizio Pelliccione & Antony Tang,journals/tse/MalavoltaLMPT13,https://doi.org/10.1109/TSE.2012.74,Suggested by Review
2789,Using Natural Language Processing to Automatically Detect Self-Admitted Technical Debt.,2017,Everton da S. Maldonado & Emad Shihab & Nikolaos Tsantalis,journals/tse/MaldonadoST17,https://doi.org/10.1109/TSE.2017.2654244,Suggested by Review
2790,CPVD: Cross Project Vulnerability Detection Based on Graph Attention Network and Domain Adaptation.,2023,Chunyong Zhang & Bin Liu & Yang Xin 0001 & Liangwei Yao,journals/tse/ZhangLXY23,https://doi.org/10.1109/TSE.2023.3285910,Suggested by Review
2796,Energy-Efficient Path Planning of Reconfigurable Robots in Complex Environments.,2022,Phone Thiha Kyaw & Anh Vu Le & Veerajagadheswar Prabakaran & Mohan Rajesh Elara & Theint Theint Thu & Khanh Nhan Nguyen Huu & Van Duc Phan & Minh Bui Vu,journals/trob/KyawLPETHPV22,https://doi.org/10.1109/TRO.2022.3147408,Robotics
2803,Analysis of Kinematics and Reconfigurability of a Spherical Parallel Manipulator.,2014,Luca Carbonari & Massimo Callegari & Giacomo Palmieri & Matteo-Claudio Palpacelli,journals/trob/CarbonariCPP14,https://doi.org/10.1109/TRO.2014.2357092,Robotics
2811,Active Exploitation of Redundancies in Reconfigurable Multirobot Systems.,2022,Thomas M. Roehr,journals/trob/Roehr22,https://doi.org/10.1109/TRO.2021.3118284,Robotics
2820,Design and Control of a Midair-Reconfigurable Quadcopter Using Unactuated Hinges.,2023,Nathan Bucki & Jerry Tang & Mark W. Mueller,journals/trob/BuckiTM23,https://doi.org/10.1109/TRO.2022.3193792,Robotics
2822,Morphing Origami Block for Lightweight Reconfigurable System.,2021,Sa-Reum Kim & Dae-Young Lee & Sang-Joon Ahn & Je-Sung Koh & Kyu-Jin Cho,journals/trob/KimLAKC21,https://doi.org/10.1109/TRO.2020.3031248,Robotics
2827,Resilient Monitoring in Heterogeneous Multi-Robot Systems Through Network Reconfiguration.,2022,Ragesh Kumar Ramachandran & Pietro Pierpaoli & Magnus Egerstedt & Gaurav S. Sukhatme,journals/trob/RamachandranPES22,https://doi.org/10.1109/TRO.2021.3128313,Robotics
2853,Variable Stiffness Soft Robotic Fingers Using Snap-Fit Kinematic Reconfiguration.,2023,Jérôme Bastien & Lionel Birglen,journals/trob/BastienB23,https://doi.org/10.1109/TRO.2023.3303850,Robotics
2854,ARCSnake: Reconfigurable Snakelike Robot With Archimedean Screw Propulsion for Multidomain Mobility.,2022,Florian Richter 0002 & Peter V. Gavrilov & Hoi Man Lam & Amir Degani & Michael C. Yip,journals/trob/RichterGLDY22,https://doi.org/10.1109/TRO.2021.3104968,Robotics
2861,Cable Attachment Optimization for Reconfigurable Cable-Driven Parallel Robots Based on Various Workspace Conditions.,2023,Hung Hon Cheng & Darwin Lau,journals/trob/ChengL23,https://doi.org/10.1109/TRO.2023.3288838,Robotics
2863,Distributed Prediction of Unsafe Reconfiguration Scenarios of Modular Robotic Programmable Matter.,2021,Benoît Piranda & Pawel Chodkiewicz & Pawel Holobut & Stéphane P. A. Bordas & Julien Bourgeois & Jakub Lengiewicz,journals/trob/PirandaCHBBL21,https://doi.org/10.1109/TRO.2021.3074085,Robotics
2867,Malleable Robots: Reconfigurable Robotic Arms With Continuum Links of Variable Stiffness.,2022,Angus B. Clark & Nicolás Rojas 0002,journals/trob/ClarkR22,https://doi.org/10.1109/TRO.2022.3185826,Robotics
2884,MIRRAX: A Reconfigurable Robot for Limited Access Environments.,2023,Wei Cheah & Keir Groves & Horatio Martin & Harriet Peel & Simon Watson 0001 & Ognjen Marjanovic & Barry Lennox,journals/trob/CheahGMPWML23,https://doi.org/10.1109/TRO.2022.3207095,Robotics
2901,Distributed Linear Heterogeneous Reconfiguration of Cubic Modular Robots via Simultaneous Tunneling and Permutation.,2020,Hiroshi Kawano,journals/trob/Kawano20,https://doi.org/10.1109/TRO.2019.2943063,Robotics
2908,Motion Planning for Variable Topology Trusses: Reconfiguration and Locomotion.,2023,Chao Liu 0021 & Sencheng Yu & Mark Yim,journals/trob/LiuYY23,https://doi.org/10.1109/TRO.2022.3228400,Robotics
2941,Modular reconfiguration of DNA origami assemblies using tile displacement.,2023,Namita Sarraf & Kellen R. Rodriguez & Lulu Qian,journals/scirobotics/SarrafRQ23,https://doi.org/10.1126/scirobotics.adf1511,Robotics
2948,"Reconfigurable magnetic microrobot swarm: Multimode transformation, locomotion, and manipulation.",2019,Hui Xie 0003 & Mengmeng Sun & Xinjian Fan & Zhihua Lin & Weinan Chen & Lei Wang 0113 & Lixin Dong & Qiang He,journals/scirobotics/XieSFLCWDH19,https://doi.org/10.1126/scirobotics.aav8006,Robotics
2984,ENREM: An efficient NFA-based regular expression matching engine on reconfigurable hardware for NIDS.,2013,Trung-Hieu Tran & Tran Ngoc Thinh & Shigenori Tomiyama,journals/jsa/HieuTT13,https://doi.org/10.1016/j.sysarc.2013.03.013,Software_Architecture
2985,Clustering scheduling for hardware tasks in reconfigurable computing systems.,2013,Zhi Chen 0008 & Meikang Qiu & Zhong Ming 0001 & Laurence T. Yang & Yongxin Zhu 0001,journals/jsa/ChenQMYZ13,https://doi.org/10.1016/j.sysarc.2013.05.015,Software_Architecture
2986,Guest editorial: Workshop on Reconfigurable Computing.,2013,Ioannis Sourdis & Christos-Savvas Bouganis & Miquel Pericàs,journals/jsa/SourdisBP13,https://doi.org/10.1016/j.sysarc.2013.01.001,Software_Architecture
2993,Lightweight asynchronous scheduling in heterogeneous reconfigurable systems.,2022,Andrés Rodríguez 0001 & Angeles G. Navarro & Kris Nikov & José L. Núñez-Yáñez & Ruben Gran & Darío Suárez Gracia & Rafael Asenjo,journals/jsa/RodriguezNNNGGA22,https://doi.org/10.1016/j.sysarc.2022.102398,Software_Architecture
2996,Comparative analysis of two different middleware approaches for reconfiguration of distributed real-time systems.,2014,Marisol García-Valls & Pablo Basanta-Val,journals/jsa/Garcia-VallsB14,https://doi.org/10.1016/j.sysarc.2013.08.010,Software_Architecture
3000,Predicting performance in multi-core systems with shared reconfigurable accelerators.,2019,Marcelo Brandalero & Thiago Dadalt Souto & Luigi Carro & Antonio Carlos Schneider Beck,journals/jsa/BrandaleroSCB19,https://doi.org/10.1016/j.sysarc.2019.07.010,Software_Architecture
3005,A dynamically reconfigurable communication architecture for multicore embedded systems.,2012,Salih Bayar & Arda Yurdakul,journals/jsa/BayarY12,https://doi.org/10.1016/j.sysarc.2012.02.003,Software_Architecture
3009,MobileFBP: Designing portable reconfigurable applications for heterogeneous systems.,2014,Shih-Hao Hung & Tien-Tzong Tzeng & Jyun-De Wu & Min-Yu Tsai & Yi-Chih Lu & Jeng-Peng Shieh & Chia-Heng Tu & Wen-Jen Ho,journals/jsa/HungTWTLSTH14,https://doi.org/10.1016/j.sysarc.2013.11.009,Software_Architecture
3017,A template system for the efficient compilation of domain abstractions onto reconfigurable computers.,2013,Muhammad Shafiq 0003 & Miquel Pericàs & Nacho Navarro & Eduard Ayguadé,journals/jsa/ShafiqPNA13,https://doi.org/10.1016/j.sysarc.2012.10.002,Software_Architecture
3018,An efficient data structure for dynamic two-dimensional reconfiguration.,2017,Sándor P. Fekete & Jan-Marc Reinhardt & Christian Scheffer,journals/jsa/FeketeRS17,https://doi.org/10.1016/j.sysarc.2017.02.004,Software_Architecture
3020,Dynamic reconfiguration of embedded-DRAM caches employing zero data detection based refresh optimisation.,2019,Sheel Sindhu Manohar & Hemangee K. Kapoor,journals/jsa/ManoharK19,https://doi.org/10.1016/j.sysarc.2019.101648,Software_Architecture
3021,Ker-ONE: A new hypervisor managing FPGA reconfigurable accelerators.,2019,Tian Xia 0007 & Ye Tian 0025 & Jean-Christophe Prévotet & Fabienne Nouvel,journals/jsa/XiaTPN19,https://doi.org/10.1016/j.sysarc.2019.05.003,Software_Architecture
3024,Two-level caches tuning technique for energy consumption in reconfigurable embedded MPSoC.,2013,A. Bengueddach & B. Senouci & Smaïl Niar & Bouziane Beldjilali,journals/jsa/BengueddachSNB13,https://doi.org/10.1016/j.sysarc.2013.05.018,Software_Architecture
3028,Reconfigurable Network-on-Chip based Convolutional Neural Network Accelerator.,2022,Arash Firuzan & Mehdi Modarressi & Midia Reshadi & Ahmad Khademzadeh,journals/jsa/FiruzanMRK22,https://doi.org/10.1016/j.sysarc.2022.102567,Software_Architecture
3029,Reconfigurable on-chip interconnection networks for high performance embedded SoC design.,2020,Masoud Oveis Gharan & Gul N. Khan,journals/jsa/GharanK20,https://doi.org/10.1016/j.sysarc.2020.101711,Software_Architecture
3031,Virtualization of reconfigurable coprocessors in HPRC systems with multicore architecture.,2012,Iván González 0004 & Sergio López-Buedo & Gustavo Sutter & Diego Sanchez-Roman & Francisco J. Gomez-Arribas & Javier Aracil 0001,journals/jsa/GonzalezLSSGA12,https://doi.org/10.1016/j.sysarc.2012.03.002,Software_Architecture
3033,Multi-grain reconfigurable and scalable overlays for hardware accelerator composition.,2021,Rafael Zamacola & Andrés Otero & Eduardo de la Torre,journals/jsa/ZamacolaOT21,https://doi.org/10.1016/j.sysarc.2021.102302,Software_Architecture
3034,Model checking of reconfigurable FPGA modules specified by Petri nets.,2018,Iwona Grobelna,journals/jsa/Grobelna18,https://doi.org/10.1016/j.sysarc.2018.06.005,Software_Architecture
3039,A framework for post-silicon realization of arbitrary instruction extensions on reconfigurable data-paths.,2014,Saptarsi Das & Kavitha T. Madhu & Madhav Krishna & Nalesh Sivanandan & Farhad Merchant & Santhi Natarajan & Ipsita Biswas & Adithya Pulli & S. K. Nandy 0001 & Ranjani Narayan,journals/jsa/DasMKSMNBPNN14,https://doi.org/10.1016/j.sysarc.2014.06.002,Software_Architecture
3041,Introduction to the special issue on reconfigurable cyber-physical and embedded system design.,2016,Pao-Ann Hsiung & Tei-Wei Kuo & Yuan-Hao Chang 0001 & Chun-Hsian Huang,journals/jsa/HsiungKCH16,https://doi.org/10.1016/j.sysarc.2016.01.003,Software_Architecture
3042,Remotely reconfigurable hardware-software platform with web service interface for automated video surveillance.,2013,Robert Brzoza-Woch & Andrzej Ruta & Krzysztof Zielinski,journals/jsa/Brzoza-WochRZ13,https://doi.org/10.1016/j.sysarc.2013.05.007,Software_Architecture
3045,A comprehensive reconfigurable computing approach to memory wall problem of large graph computation.,2016,Xu Wang 0010 & Yongxin Zhu 0001 & Linan Huang,journals/jsa/WangZH16,https://doi.org/10.1016/j.sysarc.2016.04.010,Software_Architecture
3051,Hierarchical neural networks based prediction and control of dynamic reconfiguration for multilevel embedded systems.,2013,Akram Eddahech & Sofien Chtourou & Mohamed Chtourou,journals/jsa/EddahechCC13,https://doi.org/10.1016/j.sysarc.2012.11.002,Software_Architecture
3052,Achieving safety and performance with reconfiguration protocol for ethernet TSN in automotive systems.,2021,Adam Kostrzewa & Rolf Ernst,journals/jsa/KostrzewaE21,https://doi.org/10.1016/j.sysarc.2021.102208,Software_Architecture
3055,A novel reconfigurable router for QoS guarantees in real-time NoC-based MPSoCs.,2019,Hung K. Nguyen & Xuan-Tu Tran,journals/jsa/NguyenT19,https://doi.org/10.1016/j.sysarc.2019.101664,Software_Architecture
3056,A reconfigurable point target detection system based on morphological clutter elimination.,2014,Chun-Hsian Huang,journals/jsa/Huang14,https://doi.org/10.1016/j.sysarc.2014.07.003,Software_Architecture
3059,Energy-aware run-time task partition and allocation in dynamic partial reconfigurable systems.,2017,Ta-Wei Liu & Yen-Fang Liu & Ya-Shu Chen,journals/jsa/LiuLC17,https://doi.org/10.1016/j.sysarc.2017.06.006,Software_Architecture
3061,Multi-objective module partitioning design for dynamic and partial reconfigurable system-on-chip using genetic algorithm.,2014,Nithiyanantham Janakiraman & Palanisamy Nirmal Kumar,journals/jsa/JanakiramanK14,https://doi.org/10.1016/j.sysarc.2013.10.001,Software_Architecture
3063,Dynamic objects: Supporting fast and easy run-time reconfiguration in FPGAs.,2013,Julio Dondo & Jesús Barba & Fernando Rincón & Francisco Moya & Juan Carlos López 0001,journals/jsa/DondoBRML13,https://doi.org/10.1016/j.sysarc.2012.09.001,Software_Architecture
3064,Design space exploration for partially reconfigurable architectures in real-time systems.,2013,François Duhem & Fabrice Muller & Willy Aubry & Bertrand Le Gal & Daniel Négru & Philippe Lorenzini,journals/jsa/DuhemMAGNL13,https://doi.org/10.1016/j.sysarc.2013.06.007,Software_Architecture
3065,Random test program generation for verification and validation of the Samsung Reconfigurable Processor.,2019,Bernhard Egger 0002 & Eunjin Song & Hochan Lee & Daeyong Shin,journals/jsa/EggerSLS19,https://doi.org/10.1016/j.sysarc.2019.05.007,Software_Architecture
3067,A novel tool-flow for zero-overhead cross-domain error resilient partially reconfigurable X-TMR for SRAM-based FPGAs.,2017,Luis Andrés Cardona & Anees Ullah & Luca Sterpone & Carles Ferrer 0001,journals/jsa/CardonaUSF17,https://doi.org/10.1016/j.sysarc.2017.10.009,Software_Architecture
3068,Formal approach to agent-based dynamic reconfiguration in Networks-On-Chip.,2013,Sergey Ostroumov & Leonidas Tsiopoulos & Juha Plosila & Kaisa Sere,journals/jsa/OstroumovTPS13,https://doi.org/10.1016/j.sysarc.2013.06.001,Software_Architecture
3074,A resource-efficient network interface supporting low latency reconfiguration of virtual circuits in time-division multiplexing networks-on-chip.,2017,Rasmus Bo Sørensen & Luca Pezzarossa & Martin Schoeberl & Jens Sparsø,journals/jsa/SorensenPSS17,https://doi.org/10.1016/j.sysarc.2017.02.001,Software_Architecture
3076,Run-time timing prediction for system reconfiguration on many-core embedded systems.,2019,Zheng Li 0006 & Shuibing He,journals/jsa/LiH19,https://doi.org/10.1016/j.sysarc.2019.03.004,Software_Architecture
3080,A fault tolerant NoC architecture using quad-spare mesh topology and dynamic reconfiguration.,2013,Yu Ren & Leibo Liu & Shouyi Yin & Jie Han 0001 & Qinghua Wu & Shaojun Wei,journals/jsa/RenLYHWW13,https://doi.org/10.1016/j.sysarc.2013.03.010,Software_Architecture
